-- phpMyAdmin SQL Dump
-- version 5.0.4
-- https://www.phpmyadmin.net/
--
-- Host: 127.0.0.1
-- Generation Time: Apr 11, 2021 at 08:50 PM
-- Server version: 10.4.17-MariaDB
-- PHP Version: 8.0.2

SET SQL_MODE = "NO_AUTO_VALUE_ON_ZERO";
START TRANSACTION;
SET time_zone = "+00:00";


/*!40101 SET @OLD_CHARACTER_SET_CLIENT=@@CHARACTER_SET_CLIENT */;
/*!40101 SET @OLD_CHARACTER_SET_RESULTS=@@CHARACTER_SET_RESULTS */;
/*!40101 SET @OLD_COLLATION_CONNECTION=@@COLLATION_CONNECTION */;
/*!40101 SET NAMES utf8mb4 */;

--
-- Database: `bd_insumos`
--

-- --------------------------------------------------------

--
-- Table structure for table `departamentos`
--

CREATE TABLE `departamentos` (
  `codigo_dpto` varchar(2) DEFAULT NULL,
  `nombre_dpto` varchar(23) DEFAULT NULL
) ENGINE=InnoDB DEFAULT CHARSET=utf8;

--
-- Dumping data for table `departamentos`
--

INSERT INTO `departamentos` (`codigo_dpto`, `nombre_dpto`) VALUES
('01', 'AMAZONAS'),
('02', 'ANCASH'),
('03', 'APURIMAC'),
('04', 'AREQUIPA'),
('05', 'AYACUCHO'),
('06', 'CAJAMARCA'),
('07', 'PROV. CONST. DEL CALLAO'),
('08', 'CUSCO'),
('09', 'HUANCAVELICA'),
('10', 'HUANUCO'),
('11', 'ICA'),
('12', 'JUNIN'),
('13', 'LA LIBERTAD'),
('14', 'LAMBAYEQUE'),
('15', 'LIMA'),
('16', 'LORETO'),
('17', 'MADRE DE DIOS'),
('18', 'MOQUEGUA'),
('19', 'PASCO'),
('20', 'PIURA'),
('21', 'PUNO'),
('22', 'SAN MARTIN'),
('23', 'TACNA'),
('24', 'TUMBES'),
('25', 'UCAYALI');

-- --------------------------------------------------------

--
-- Table structure for table `distritos`
--

CREATE TABLE `distritos` (
  `codigo_dpto` varchar(2) DEFAULT NULL,
  `codigo_prov` varchar(2) DEFAULT NULL,
  `codigo_dist` varchar(2) DEFAULT NULL,
  `dpto_prov` varchar(4) DEFAULT NULL,
  `nombre_dist` varchar(29) DEFAULT NULL,
  `ubigeo` varchar(6) NOT NULL
) ENGINE=InnoDB DEFAULT CHARSET=utf8;

--
-- Dumping data for table `distritos`
--

INSERT INTO `distritos` (`codigo_dpto`, `codigo_prov`, `codigo_dist`, `dpto_prov`, `nombre_dist`, `ubigeo`) VALUES
('01', '01', '01', '0101', 'CHACHAPOYAS', '010101'),
('01', '01', '02', '0101', 'ASUNCION', '010102'),
('01', '01', '03', '0101', 'BALSAS', '010103'),
('01', '01', '04', '0101', 'CHETO', '010104'),
('01', '01', '05', '0101', 'CHILIQUIN', '010105'),
('01', '01', '06', '0101', 'CHUQUIBAMBA', '010106'),
('01', '01', '07', '0101', 'GRANADA', '010107'),
('01', '01', '08', '0101', 'HUANCAS', '010108'),
('01', '01', '09', '0101', 'LA JALCA', '010109'),
('01', '01', '10', '0101', 'LEIMEBAMBA', '010110'),
('01', '01', '11', '0101', 'LEVANTO', '010111'),
('01', '01', '12', '0101', 'MAGDALENA', '010112'),
('01', '01', '13', '0101', 'MARISCAL CASTILLA', '010113'),
('01', '01', '14', '0101', 'MOLINOPAMPA', '010114'),
('01', '01', '15', '0101', 'MONTEVIDEO', '010115'),
('01', '01', '16', '0101', 'OLLEROS', '010116'),
('01', '01', '17', '0101', 'QUINJALCA', '010117'),
('01', '01', '18', '0101', 'SAN FRANCISCO DE DAGUAS', '010118'),
('01', '01', '19', '0101', 'SAN ISIDRO DE MAINO', '010119'),
('01', '01', '20', '0101', 'SOLOCO', '010120'),
('01', '01', '21', '0101', 'SONCHE', '010121'),
('01', '02', '01', '0102', 'BAGUA', '010201'),
('01', '02', '02', '0102', 'ARAMANGO', '010202'),
('01', '02', '03', '0102', 'COPALLIN', '010203'),
('01', '02', '04', '0102', 'EL PARCO', '010204'),
('01', '02', '05', '0102', 'IMAZA', '010205'),
('01', '02', '06', '0102', 'LA PECA', '010206'),
('01', '03', '01', '0103', 'JUMBILLA', '010301'),
('01', '03', '02', '0103', 'CHISQUILLA', '010302'),
('01', '03', '03', '0103', 'CHURUJA', '010303'),
('01', '03', '04', '0103', 'COROSHA', '010304'),
('01', '03', '05', '0103', 'CUISPES', '010305'),
('01', '03', '06', '0103', 'FLORIDA', '010306'),
('01', '03', '07', '0103', 'JAZAN', '010307'),
('01', '03', '08', '0103', 'RECTA', '010308'),
('01', '03', '09', '0103', 'SAN CARLOS', '010309'),
('01', '03', '10', '0103', 'SHIPASBAMBA', '010310'),
('01', '03', '11', '0103', 'VALERA', '010311'),
('01', '03', '12', '0103', 'YAMBRASBAMBA', '010312'),
('01', '04', '01', '0104', 'NIEVA', '010401'),
('01', '04', '02', '0104', 'EL CENEPA', '010402'),
('01', '04', '03', '0104', 'RIO SANTIAGO', '010403'),
('01', '05', '01', '0105', 'LAMUD', '010501'),
('01', '05', '02', '0105', 'CAMPORREDONDO', '010502'),
('01', '05', '03', '0105', 'COCABAMBA', '010503'),
('01', '05', '04', '0105', 'COLCAMAR', '010504'),
('01', '05', '05', '0105', 'CONILA', '010505'),
('01', '05', '06', '0105', 'INGUILPATA', '010506'),
('01', '05', '07', '0105', 'LONGUITA', '010507'),
('01', '05', '08', '0105', 'LONYA CHICO', '010508'),
('01', '05', '09', '0105', 'LUYA', '010509'),
('01', '05', '10', '0105', 'LUYA VIEJO', '010510'),
('01', '05', '11', '0105', 'MARIA', '010511'),
('01', '05', '12', '0105', 'OCALLI', '010512'),
('01', '05', '13', '0105', 'OCUMAL', '010513'),
('01', '05', '14', '0105', 'PISUQUIA', '010514'),
('01', '05', '15', '0105', 'PROVIDENCIA', '010515'),
('01', '05', '16', '0105', 'SAN CRISTOBAL', '010516'),
('01', '05', '17', '0105', 'SAN FRANCISCO DEL YESO', '010517'),
('01', '05', '18', '0105', 'SAN JERONIMO', '010518'),
('01', '05', '19', '0105', 'SAN JUAN DE LOPECANCHA', '010519'),
('01', '05', '20', '0105', 'SANTA CATALINA', '010520'),
('01', '05', '21', '0105', 'SANTO TOMAS', '010521'),
('01', '05', '22', '0105', 'TINGO', '010522'),
('01', '05', '23', '0105', 'TRITA', '010523'),
('01', '06', '01', '0106', 'SAN NICOLAS', '010601'),
('01', '06', '02', '0106', 'CHIRIMOTO', '010602'),
('01', '06', '03', '0106', 'COCHAMAL', '010603'),
('01', '06', '04', '0106', 'HUAMBO', '010604'),
('01', '06', '05', '0106', 'LIMABAMBA', '010605'),
('01', '06', '06', '0106', 'LONGAR', '010606'),
('01', '06', '07', '0106', 'MARISCAL BENAVIDES', '010607'),
('01', '06', '08', '0106', 'MILPUC', '010608'),
('01', '06', '09', '0106', 'OMIA', '010609'),
('01', '06', '10', '0106', 'SANTA ROSA', '010610'),
('01', '06', '11', '0106', 'TOTORA', '010611'),
('01', '06', '12', '0106', 'VISTA ALEGRE', '010612'),
('01', '07', '01', '0107', 'BAGUA GRANDE', '010701'),
('01', '07', '02', '0107', 'CAJARURO', '010702'),
('01', '07', '03', '0107', 'CUMBA', '010703'),
('01', '07', '04', '0107', 'EL MILAGRO', '010704'),
('01', '07', '05', '0107', 'JAMALCA', '010705'),
('01', '07', '06', '0107', 'LONYA GRANDE', '010706'),
('01', '07', '07', '0107', 'YAMON', '010707'),
('02', '01', '01', '0201', 'HUARAZ', '020101'),
('02', '01', '02', '0201', 'COCHABAMBA', '020102'),
('02', '01', '03', '0201', 'COLCABAMBA', '020103'),
('02', '01', '04', '0201', 'HUANCHAY', '020104'),
('02', '01', '05', '0201', 'INDEPENDENCIA', '020105'),
('02', '01', '06', '0201', 'JANGAS', '020106'),
('02', '01', '07', '0201', 'LA LIBERTAD', '020107'),
('02', '01', '08', '0201', 'OLLEROS', '020108'),
('02', '01', '09', '0201', 'PAMPAS', '020109'),
('02', '01', '10', '0201', 'PARIACOTO', '020110'),
('02', '01', '11', '0201', 'PIRA', '020111'),
('02', '01', '12', '0201', 'TARICA', '020112'),
('02', '02', '01', '0202', 'AIJA', '020201'),
('02', '02', '02', '0202', 'CORIS', '020202'),
('02', '02', '03', '0202', 'HUACLLAN', '020203'),
('02', '02', '04', '0202', 'LA MERCED', '020204'),
('02', '02', '05', '0202', 'SUCCHA', '020205'),
('02', '03', '01', '0203', 'LLAMELLIN', '020301'),
('02', '03', '02', '0203', 'ACZO', '020302'),
('02', '03', '03', '0203', 'CHACCHO', '020303'),
('02', '03', '04', '0203', 'CHINGAS', '020304'),
('02', '03', '05', '0203', 'MIRGAS', '020305'),
('02', '03', '06', '0203', 'SAN JUAN DE RONTOY', '020306'),
('02', '04', '01', '0204', 'CHACAS', '020401'),
('02', '04', '02', '0204', 'ACOCHACA', '020402'),
('02', '05', '01', '0205', 'CHIQUIAN', '020501'),
('02', '05', '02', '0205', 'ABELARDO PARDO LEZAMETA', '020502'),
('02', '05', '03', '0205', 'ANTONIO RAYMONDI', '020503'),
('02', '05', '04', '0205', 'AQUIA', '020504'),
('02', '05', '05', '0205', 'CAJACAY', '020505'),
('02', '05', '06', '0205', 'CANIS', '020506'),
('02', '05', '07', '0205', 'COLQUIOC', '020507'),
('02', '05', '08', '0205', 'HUALLANCA', '020508'),
('02', '05', '09', '0205', 'HUASTA', '020509'),
('02', '05', '10', '0205', 'HUAYLLACAYAN', '020510'),
('02', '05', '11', '0205', 'LA PRIMAVERA', '020511'),
('02', '05', '12', '0205', 'MANGAS', '020512'),
('02', '05', '13', '0205', 'PACLLON', '020513'),
('02', '05', '14', '0205', 'SAN MIGUEL DE CORPANQUI', '020514'),
('02', '05', '15', '0205', 'TICLLOS', '020515'),
('02', '06', '01', '0206', 'CARHUAZ', '020601'),
('02', '06', '02', '0206', 'ACOPAMPA', '020602'),
('02', '06', '03', '0206', 'AMASHCA', '020603'),
('02', '06', '04', '0206', 'ANTA', '020604'),
('02', '06', '05', '0206', 'ATAQUERO', '020605'),
('02', '06', '06', '0206', 'MARCARA', '020606'),
('02', '06', '07', '0206', 'PARIAHUANCA', '020607'),
('02', '06', '08', '0206', 'SAN MIGUEL DE ACO', '020608'),
('02', '06', '09', '0206', 'SHILLA', '020609'),
('02', '06', '10', '0206', 'TINCO', '020610'),
('02', '06', '11', '0206', 'YUNGAR', '020611'),
('02', '07', '01', '0207', 'SAN LUIS', '020701'),
('02', '07', '02', '0207', 'SAN NICOLAS', '020702'),
('02', '07', '03', '0207', 'YAUYA', '020703'),
('02', '08', '01', '0208', 'CASMA', '020801'),
('02', '08', '02', '0208', 'BUENA VISTA ALTA', '020802'),
('02', '08', '03', '0208', 'COMANDANTE NOEL', '020803'),
('02', '08', '04', '0208', 'YAUTAN', '020804'),
('02', '09', '01', '0209', 'CORONGO', '020901'),
('02', '09', '02', '0209', 'ACO', '020902'),
('02', '09', '03', '0209', 'BAMBAS', '020903'),
('02', '09', '04', '0209', 'CUSCA', '020904'),
('02', '09', '05', '0209', 'LA PAMPA', '020905'),
('02', '09', '06', '0209', 'YANAC', '020906'),
('02', '09', '07', '0209', 'YUPAN', '020907'),
('02', '10', '01', '0210', 'HUARI', '021001'),
('02', '10', '02', '0210', 'ANRA', '021002'),
('02', '10', '03', '0210', 'CAJAY', '021003'),
('02', '10', '04', '0210', 'CHAVIN DE HUANTAR', '021004'),
('02', '10', '05', '0210', 'HUACACHI', '021005'),
('02', '10', '06', '0210', 'HUACCHIS', '021006'),
('02', '10', '07', '0210', 'HUACHIS', '021007'),
('02', '10', '08', '0210', 'HUANTAR', '021008'),
('02', '10', '09', '0210', 'MASIN', '021009'),
('02', '10', '10', '0210', 'PAUCAS', '021010'),
('02', '10', '11', '0210', 'PONTO', '021011'),
('02', '10', '12', '0210', 'RAHUAPAMPA', '021012'),
('02', '10', '13', '0210', 'RAPAYAN', '021013'),
('02', '10', '14', '0210', 'SAN MARCOS', '021014'),
('02', '10', '15', '0210', 'SAN PEDRO DE CHANA', '021015'),
('02', '10', '16', '0210', 'UCO', '021016'),
('02', '11', '01', '0211', 'HUARMEY', '021101'),
('02', '11', '02', '0211', 'COCHAPETI', '021102'),
('02', '11', '03', '0211', 'CULEBRAS', '021103'),
('02', '11', '04', '0211', 'HUAYAN', '021104'),
('02', '11', '05', '0211', 'MALVAS', '021105'),
('02', '12', '01', '0212', 'CARAZ', '021201'),
('02', '12', '02', '0212', 'HUALLANCA', '021202'),
('02', '12', '03', '0212', 'HUATA', '021203'),
('02', '12', '04', '0212', 'HUAYLAS', '021204'),
('02', '12', '05', '0212', 'MATO', '021205'),
('02', '12', '06', '0212', 'PAMPAROMAS', '021206'),
('02', '12', '07', '0212', 'PUEBLO LIBRE', '021207'),
('02', '12', '08', '0212', 'SANTA CRUZ', '021208'),
('02', '12', '09', '0212', 'SANTO TORIBIO', '021209'),
('02', '12', '10', '0212', 'YURACMARCA', '021210'),
('02', '13', '01', '0213', 'PISCOBAMBA', '021301'),
('02', '13', '02', '0213', 'CASCA', '021302'),
('02', '13', '03', '0213', 'ELEAZAR GUZMAN BARRON', '021303'),
('02', '13', '04', '0213', 'FIDEL OLIVAS ESCUDERO', '021304'),
('02', '13', '05', '0213', 'LLAMA', '021305'),
('02', '13', '06', '0213', 'LLUMPA', '021306'),
('02', '13', '07', '0213', 'LUCMA', '021307'),
('02', '13', '08', '0213', 'MUSGA', '021308'),
('02', '14', '01', '0214', 'OCROS', '021401'),
('02', '14', '02', '0214', 'ACAS', '021402'),
('02', '14', '03', '0214', 'CAJAMARQUILLA', '021403'),
('02', '14', '04', '0214', 'CARHUAPAMPA', '021404'),
('02', '14', '05', '0214', 'COCHAS', '021405'),
('02', '14', '06', '0214', 'CONGAS', '021406'),
('02', '14', '07', '0214', 'LLIPA', '021407'),
('02', '14', '08', '0214', 'SAN CRISTOBAL DE RAJAN', '021408'),
('02', '14', '09', '0214', 'SAN PEDRO', '021409'),
('02', '14', '10', '0214', 'SANTIAGO DE CHILCAS', '021410'),
('02', '15', '01', '0215', 'CABANA', '021501'),
('02', '15', '02', '0215', 'BOLOGNESI', '021502'),
('02', '15', '03', '0215', 'CONCHUCOS', '021503'),
('02', '15', '04', '0215', 'HUACASCHUQUE', '021504'),
('02', '15', '05', '0215', 'HUANDOVAL', '021505'),
('02', '15', '06', '0215', 'LACABAMBA', '021506'),
('02', '15', '07', '0215', 'LLAPO', '021507'),
('02', '15', '08', '0215', 'PALLASCA', '021508'),
('02', '15', '09', '0215', 'PAMPAS', '021509'),
('02', '15', '10', '0215', 'SANTA ROSA', '021510'),
('02', '15', '11', '0215', 'TAUCA', '021511'),
('02', '16', '01', '0216', 'POMABAMBA', '021601'),
('02', '16', '02', '0216', 'HUAYLLAN', '021602'),
('02', '16', '03', '0216', 'PAROBAMBA', '021603'),
('02', '16', '04', '0216', 'QUINUABAMBA', '021604'),
('02', '17', '01', '0217', 'RECUAY', '021701'),
('02', '17', '02', '0217', 'CATAC', '021702'),
('02', '17', '03', '0217', 'COTAPARACO', '021703'),
('02', '17', '04', '0217', 'HUAYLLAPAMPA', '021704'),
('02', '17', '05', '0217', 'LLACLLIN', '021705'),
('02', '17', '06', '0217', 'MARCA', '021706'),
('02', '17', '07', '0217', 'PAMPAS CHICO', '021707'),
('02', '17', '08', '0217', 'PARARIN', '021708'),
('02', '17', '09', '0217', 'TAPACOCHA', '021709'),
('02', '17', '10', '0217', 'TICAPAMPA', '021710'),
('02', '18', '01', '0218', 'CHIMBOTE', '021801'),
('02', '18', '02', '0218', 'CACERES DEL PERU', '021802'),
('02', '18', '03', '0218', 'COISHCO', '021803'),
('02', '18', '04', '0218', 'MACATE', '021804'),
('02', '18', '05', '0218', 'MORO', '021805'),
('02', '18', '06', '0218', 'NEPEÑA', '021806'),
('02', '18', '07', '0218', 'SAMANCO', '021807'),
('02', '18', '08', '0218', 'SANTA', '021808'),
('02', '18', '09', '0218', 'NUEVO CHIMBOTE', '021809'),
('02', '19', '01', '0219', 'SIHUAS', '021901'),
('02', '19', '02', '0219', 'ACOBAMBA', '021902'),
('02', '19', '03', '0219', 'ALFONSO UGARTE', '021903'),
('02', '19', '04', '0219', 'CASHAPAMPA', '021904'),
('02', '19', '05', '0219', 'CHINGALPO', '021905'),
('02', '19', '06', '0219', 'HUAYLLABAMBA', '021906'),
('02', '19', '07', '0219', 'QUICHES', '021907'),
('02', '19', '08', '0219', 'RAGASH', '021908'),
('02', '19', '09', '0219', 'SAN JUAN', '021909'),
('02', '19', '10', '0219', 'SICSIBAMBA', '021910'),
('02', '20', '01', '0220', 'YUNGAY', '022001'),
('02', '20', '02', '0220', 'CASCAPARA', '022002'),
('02', '20', '03', '0220', 'MANCOS', '022003'),
('02', '20', '04', '0220', 'MATACOTO', '022004'),
('02', '20', '05', '0220', 'QUILLO', '022005'),
('02', '20', '06', '0220', 'RANRAHIRCA', '022006'),
('02', '20', '07', '0220', 'SHUPLUY', '022007'),
('02', '20', '08', '0220', 'YANAMA', '022008'),
('03', '01', '01', '0301', 'ABANCAY', '030101'),
('03', '01', '02', '0301', 'CHACOCHE', '030102'),
('03', '01', '03', '0301', 'CIRCA', '030103'),
('03', '01', '04', '0301', 'CURAHUASI', '030104'),
('03', '01', '05', '0301', 'HUANIPACA', '030105'),
('03', '01', '06', '0301', 'LAMBRAMA', '030106'),
('03', '01', '07', '0301', 'PICHIRHUA', '030107'),
('03', '01', '08', '0301', 'SAN PEDRO DE CACHORA', '030108'),
('03', '01', '09', '0301', 'TAMBURCO', '030109'),
('03', '02', '01', '0302', 'ANDAHUAYLAS', '030201'),
('03', '02', '02', '0302', 'ANDARAPA', '030202'),
('03', '02', '03', '0302', 'CHIARA', '030203'),
('03', '02', '04', '0302', 'HUANCARAMA', '030204'),
('03', '02', '05', '0302', 'HUANCARAY', '030205'),
('03', '02', '06', '0302', 'HUAYANA', '030206'),
('03', '02', '07', '0302', 'KISHUARA', '030207'),
('03', '02', '08', '0302', 'PACOBAMBA', '030208'),
('03', '02', '09', '0302', 'PACUCHA', '030209'),
('03', '02', '10', '0302', 'PAMPACHIRI', '030210'),
('03', '02', '11', '0302', 'POMACOCHA', '030211'),
('03', '02', '12', '0302', 'SAN ANTONIO DE CACHI', '030212'),
('03', '02', '13', '0302', 'SAN JERONIMO', '030213'),
('03', '02', '14', '0302', 'SAN MIGUEL DE CHACCRAMPA', '030214'),
('03', '02', '15', '0302', 'SANTA MARIA DE CHICMO', '030215'),
('03', '02', '16', '0302', 'TALAVERA', '030216'),
('03', '02', '17', '0302', 'TUMAY HUARACA', '030217'),
('03', '02', '18', '0302', 'TURPO', '030218'),
('03', '02', '19', '0302', 'KAQUIABAMBA', '030219'),
('03', '02', '20', '0302', 'JOSE MARIA ARGUEDAS', '030220'),
('03', '03', '01', '0303', 'ANTABAMBA', '030301'),
('03', '03', '02', '0303', 'EL ORO', '030302'),
('03', '03', '03', '0303', 'HUAQUIRCA', '030303'),
('03', '03', '04', '0303', 'JUAN ESPINOZA MEDRANO', '030304'),
('03', '03', '05', '0303', 'OROPESA', '030305'),
('03', '03', '06', '0303', 'PACHACONAS', '030306'),
('03', '03', '07', '0303', 'SABAINO', '030307'),
('03', '04', '01', '0304', 'CHALHUANCA', '030401'),
('03', '04', '02', '0304', 'CAPAYA', '030402'),
('03', '04', '03', '0304', 'CARAYBAMBA', '030403'),
('03', '04', '04', '0304', 'CHAPIMARCA', '030404'),
('03', '04', '05', '0304', 'COLCABAMBA', '030405'),
('03', '04', '06', '0304', 'COTARUSE', '030406'),
('03', '04', '07', '0304', 'HUAYLLO', '030407'),
('03', '04', '08', '0304', 'JUSTO APU SAHUARAURA', '030408'),
('03', '04', '09', '0304', 'LUCRE', '030409'),
('03', '04', '10', '0304', 'POCOHUANCA', '030410'),
('03', '04', '11', '0304', 'SAN JUAN DE CHACÑA', '030411'),
('03', '04', '12', '0304', 'SAÑAYCA', '030412'),
('03', '04', '13', '0304', 'SORAYA', '030413'),
('03', '04', '14', '0304', 'TAPAIRIHUA', '030414'),
('03', '04', '15', '0304', 'TINTAY', '030415'),
('03', '04', '16', '0304', 'TORAYA', '030416'),
('03', '04', '17', '0304', 'YANACA', '030417'),
('03', '05', '01', '0305', 'TAMBOBAMBA', '030501'),
('03', '05', '02', '0305', 'COTABAMBAS', '030502'),
('03', '05', '03', '0305', 'COYLLURQUI', '030503'),
('03', '05', '04', '0305', 'HAQUIRA', '030504'),
('03', '05', '05', '0305', 'MARA', '030505'),
('03', '05', '06', '0305', 'CHALLHUAHUACHO', '030506'),
('03', '06', '01', '0306', 'CHINCHEROS', '030601'),
('03', '06', '02', '0306', 'ANCO-HUALLO', '030602'),
('03', '06', '03', '0306', 'COCHARCAS', '030603'),
('03', '06', '04', '0306', 'HUACCANA', '030604'),
('03', '06', '05', '0306', 'OCOBAMBA', '030605'),
('03', '06', '06', '0306', 'ONGOY', '030606'),
('03', '06', '07', '0306', 'URANMARCA', '030607'),
('03', '06', '08', '0306', 'RANRACANCHA', '030608'),
('03', '07', '01', '0307', 'CHUQUIBAMBILLA', '030701'),
('03', '07', '02', '0307', 'CURPAHUASI', '030702'),
('03', '07', '03', '0307', 'GAMARRA', '030703'),
('03', '07', '04', '0307', 'HUAYLLATI', '030704'),
('03', '07', '05', '0307', 'MAMARA', '030705'),
('03', '07', '06', '0307', 'MICAELA BASTIDAS', '030706'),
('03', '07', '07', '0307', 'PATAYPAMPA', '030707'),
('03', '07', '08', '0307', 'PROGRESO', '030708'),
('03', '07', '09', '0307', 'SAN ANTONIO', '030709'),
('03', '07', '10', '0307', 'SANTA ROSA', '030710'),
('03', '07', '11', '0307', 'TURPAY', '030711'),
('03', '07', '12', '0307', 'VILCABAMBA', '030712'),
('03', '07', '13', '0307', 'VIRUNDO', '030713'),
('03', '07', '14', '0307', 'CURASCO', '030714'),
('04', '01', '01', '0401', 'AREQUIPA', '040101'),
('04', '01', '02', '0401', 'ALTO SELVA ALEGRE', '040102'),
('04', '01', '03', '0401', 'CAYMA', '040103'),
('04', '01', '04', '0401', 'CERRO COLORADO', '040104'),
('04', '01', '05', '0401', 'CHARACATO', '040105'),
('04', '01', '06', '0401', 'CHIGUATA', '040106'),
('04', '01', '07', '0401', 'JACOBO HUNTER', '040107'),
('04', '01', '08', '0401', 'LA JOYA', '040108'),
('04', '01', '09', '0401', 'MARIANO MELGAR', '040109'),
('04', '01', '10', '0401', 'MIRAFLORES', '040110'),
('04', '01', '11', '0401', 'MOLLEBAYA', '040111'),
('04', '01', '12', '0401', 'PAUCARPATA', '040112'),
('04', '01', '13', '0401', 'POCSI', '040113'),
('04', '01', '14', '0401', 'POLOBAYA', '040114'),
('04', '01', '15', '0401', 'QUEQUEÑA', '040115'),
('04', '01', '16', '0401', 'SABANDIA', '040116'),
('04', '01', '17', '0401', 'SACHACA', '040117'),
('04', '01', '18', '0401', 'SAN JUAN DE SIGUAS', '040118'),
('04', '01', '19', '0401', 'SAN JUAN DE TARUCANI', '040119'),
('04', '01', '20', '0401', 'SANTA ISABEL DE SIGUAS', '040120'),
('04', '01', '21', '0401', 'SANTA RITA DE SIGUAS', '040121'),
('04', '01', '22', '0401', 'SOCABAYA', '040122'),
('04', '01', '23', '0401', 'TIABAYA', '040123'),
('04', '01', '24', '0401', 'UCHUMAYO', '040124'),
('04', '01', '25', '0401', 'VITOR', '040125'),
('04', '01', '26', '0401', 'YANAHUARA', '040126'),
('04', '01', '27', '0401', 'YARABAMBA', '040127'),
('04', '01', '28', '0401', 'YURA', '040128'),
('04', '01', '29', '0401', 'JOSE LUIS BUSTAMANTE Y RIVERO', '040129'),
('04', '02', '01', '0402', 'CAMANA', '040201'),
('04', '02', '02', '0402', 'JOSE MARIA QUIMPER', '040202'),
('04', '02', '03', '0402', 'MARIANO NICOLAS VALCARCEL', '040203'),
('04', '02', '04', '0402', 'MARISCAL CACERES', '040204'),
('04', '02', '05', '0402', 'NICOLAS DE PIEROLA', '040205'),
('04', '02', '06', '0402', 'OCOÑA', '040206'),
('04', '02', '07', '0402', 'QUILCA', '040207'),
('04', '02', '08', '0402', 'SAMUEL PASTOR', '040208'),
('04', '03', '01', '0403', 'CARAVELI', '040301'),
('04', '03', '02', '0403', 'ACARI', '040302'),
('04', '03', '03', '0403', 'ATICO', '040303'),
('04', '03', '04', '0403', 'ATIQUIPA', '040304'),
('04', '03', '05', '0403', 'BELLA UNION', '040305'),
('04', '03', '06', '0403', 'CAHUACHO', '040306'),
('04', '03', '07', '0403', 'CHALA', '040307'),
('04', '03', '08', '0403', 'CHAPARRA', '040308'),
('04', '03', '09', '0403', 'HUANUHUANU', '040309'),
('04', '03', '10', '0403', 'JAQUI', '040310'),
('04', '03', '11', '0403', 'LOMAS', '040311'),
('04', '03', '12', '0403', 'QUICACHA', '040312'),
('04', '03', '13', '0403', 'YAUCA', '040313'),
('04', '04', '01', '0404', 'APLAO', '040401'),
('04', '04', '02', '0404', 'ANDAGUA', '040402'),
('04', '04', '03', '0404', 'AYO', '040403'),
('04', '04', '04', '0404', 'CHACHAS', '040404'),
('04', '04', '05', '0404', 'CHILCAYMARCA', '040405'),
('04', '04', '06', '0404', 'CHOCO', '040406'),
('04', '04', '07', '0404', 'HUANCARQUI', '040407'),
('04', '04', '08', '0404', 'MACHAGUAY', '040408'),
('04', '04', '09', '0404', 'ORCOPAMPA', '040409'),
('04', '04', '10', '0404', 'PAMPACOLCA', '040410'),
('04', '04', '11', '0404', 'TIPAN', '040411'),
('04', '04', '12', '0404', 'UÑON', '040412'),
('04', '04', '13', '0404', 'URACA', '040413'),
('04', '04', '14', '0404', 'VIRACO', '040414'),
('04', '05', '01', '0405', 'CHIVAY', '040501'),
('04', '05', '02', '0405', 'ACHOMA', '040502'),
('04', '05', '03', '0405', 'CABANACONDE', '040503'),
('04', '05', '04', '0405', 'CALLALLI', '040504'),
('04', '05', '05', '0405', 'CAYLLOMA', '040505'),
('04', '05', '06', '0405', 'COPORAQUE', '040506'),
('04', '05', '07', '0405', 'HUAMBO', '040507'),
('04', '05', '08', '0405', 'HUANCA', '040508'),
('04', '05', '09', '0405', 'ICHUPAMPA', '040509'),
('04', '05', '10', '0405', 'LARI', '040510'),
('04', '05', '11', '0405', 'LLUTA', '040511'),
('04', '05', '12', '0405', 'MACA', '040512'),
('04', '05', '13', '0405', 'MADRIGAL', '040513'),
('04', '05', '14', '0405', 'SAN ANTONIO DE CHUCA', '040514'),
('04', '05', '15', '0405', 'SIBAYO', '040515'),
('04', '05', '16', '0405', 'TAPAY', '040516'),
('04', '05', '17', '0405', 'TISCO', '040517'),
('04', '05', '18', '0405', 'TUTI', '040518'),
('04', '05', '19', '0405', 'YANQUE', '040519'),
('04', '05', '20', '0405', 'MAJES', '040520'),
('04', '06', '01', '0406', 'CHUQUIBAMBA', '040601'),
('04', '06', '02', '0406', 'ANDARAY', '040602'),
('04', '06', '03', '0406', 'CAYARANI', '040603'),
('04', '06', '04', '0406', 'CHICHAS', '040604'),
('04', '06', '05', '0406', 'IRAY', '040605'),
('04', '06', '06', '0406', 'RIO GRANDE', '040606'),
('04', '06', '07', '0406', 'SALAMANCA', '040607'),
('04', '06', '08', '0406', 'YANAQUIHUA', '040608'),
('04', '07', '01', '0407', 'MOLLENDO', '040701'),
('04', '07', '02', '0407', 'COCACHACRA', '040702'),
('04', '07', '03', '0407', 'DEAN VALDIVIA', '040703'),
('04', '07', '04', '0407', 'ISLAY', '040704'),
('04', '07', '05', '0407', 'MEJIA', '040705'),
('04', '07', '06', '0407', 'PUNTA DE BOMBON', '040706'),
('04', '08', '01', '0408', 'COTAHUASI', '040801'),
('04', '08', '02', '0408', 'ALCA', '040802'),
('04', '08', '03', '0408', 'CHARCANA', '040803'),
('04', '08', '04', '0408', 'HUAYNACOTAS', '040804'),
('04', '08', '05', '0408', 'PAMPAMARCA', '040805'),
('04', '08', '06', '0408', 'PUYCA', '040806'),
('04', '08', '07', '0408', 'QUECHUALLA', '040807'),
('04', '08', '08', '0408', 'SAYLA', '040808'),
('04', '08', '09', '0408', 'TAURIA', '040809'),
('04', '08', '10', '0408', 'TOMEPAMPA', '040810'),
('04', '08', '11', '0408', 'TORO', '040811'),
('05', '01', '01', '0501', 'AYACUCHO', '050101'),
('05', '01', '02', '0501', 'ACOCRO', '050102'),
('05', '01', '03', '0501', 'ACOS VINCHOS', '050103'),
('05', '01', '04', '0501', 'CARMEN ALTO', '050104'),
('05', '01', '05', '0501', 'CHIARA', '050105'),
('05', '01', '06', '0501', 'OCROS', '050106'),
('05', '01', '07', '0501', 'PACAYCASA', '050107'),
('05', '01', '08', '0501', 'QUINUA', '050108'),
('05', '01', '09', '0501', 'SAN JOSE DE TICLLAS', '050109'),
('05', '01', '10', '0501', 'SAN JUAN BAUTISTA', '050110'),
('05', '01', '11', '0501', 'SANTIAGO DE PISCHA', '050111'),
('05', '01', '12', '0501', 'SOCOS', '050112'),
('05', '01', '13', '0501', 'TAMBILLO', '050113'),
('05', '01', '14', '0501', 'VINCHOS', '050114'),
('05', '01', '15', '0501', 'JESUS NAZARENO', '050115'),
('05', '01', '16', '0501', 'ANDRES AVELINO CACERES', '050116'),
('05', '02', '01', '0502', 'CANGALLO', '050201'),
('05', '02', '02', '0502', 'CHUSCHI', '050202'),
('05', '02', '03', '0502', 'LOS MOROCHUCOS', '050203'),
('05', '02', '04', '0502', 'MARIA PARADO DE BELLIDO', '050204'),
('05', '02', '05', '0502', 'PARAS', '050205'),
('05', '02', '06', '0502', 'TOTOS', '050206'),
('05', '03', '01', '0503', 'SANCOS', '050301'),
('05', '03', '02', '0503', 'CARAPO', '050302'),
('05', '03', '03', '0503', 'SACSAMARCA', '050303'),
('05', '03', '04', '0503', 'SANTIAGO DE LUCANAMARCA', '050304'),
('05', '04', '01', '0504', 'HUANTA', '050401'),
('05', '04', '02', '0504', 'AYAHUANCO', '050402'),
('05', '04', '03', '0504', 'HUAMANGUILLA', '050403'),
('05', '04', '04', '0504', 'IGUAIN', '050404'),
('05', '04', '05', '0504', 'LURICOCHA', '050405'),
('05', '04', '06', '0504', 'SANTILLANA', '050406'),
('05', '04', '07', '0504', 'SIVIA', '050407'),
('05', '04', '08', '0504', 'LLOCHEGUA', '050408'),
('05', '04', '09', '0504', 'CANAYRE', '050409'),
('05', '04', '10', '0504', 'UCHURACCAY', '050410'),
('05', '04', '11', '0504', 'PUCACOLPA', '050411'),
('05', '04', '12', '0504', 'CHACA', '050412'),
('05', '05', '01', '0505', 'SAN MIGUEL', '050501'),
('05', '05', '02', '0505', 'ANCO', '050502'),
('05', '05', '03', '0505', 'AYNA', '050503'),
('05', '05', '04', '0505', 'CHILCAS', '050504'),
('05', '05', '05', '0505', 'CHUNGUI', '050505'),
('05', '05', '06', '0505', 'LUIS CARRANZA', '050506'),
('05', '05', '07', '0505', 'SANTA ROSA', '050507'),
('05', '05', '08', '0505', 'TAMBO', '050508'),
('05', '05', '09', '0505', 'SAMUGARI', '050509'),
('05', '06', '01', '0506', 'PUQUIO', '050601'),
('05', '06', '02', '0506', 'AUCARA', '050602'),
('05', '06', '03', '0506', 'CABANA', '050603'),
('05', '06', '04', '0506', 'CARMEN SALCEDO', '050604'),
('05', '06', '05', '0506', 'CHAVIÑA', '050605'),
('05', '06', '06', '0506', 'CHIPAO', '050606'),
('05', '06', '07', '0506', 'HUAC-HUAS', '050607'),
('05', '06', '08', '0506', 'LARAMATE', '050608'),
('05', '06', '09', '0506', 'LEONCIO PRADO', '050609'),
('05', '06', '10', '0506', 'LLAUTA', '050610'),
('05', '06', '11', '0506', 'LUCANAS', '050611'),
('05', '06', '12', '0506', 'OCAÑA', '050612'),
('05', '06', '13', '0506', 'OTOCA', '050613'),
('05', '06', '14', '0506', 'SAISA', '050614'),
('05', '06', '15', '0506', 'SAN CRISTOBAL', '050615'),
('05', '06', '16', '0506', 'SAN JUAN', '050616'),
('05', '06', '17', '0506', 'SAN PEDRO', '050617'),
('05', '06', '18', '0506', 'SAN PEDRO DE PALCO', '050618'),
('05', '06', '19', '0506', 'SANCOS', '050619'),
('05', '06', '20', '0506', 'SANTA ANA DE HUAYCAHUACHO', '050620'),
('05', '06', '21', '0506', 'SANTA LUCIA', '050621'),
('05', '07', '01', '0507', 'CORACORA', '050701'),
('05', '07', '02', '0507', 'CHUMPI', '050702'),
('05', '07', '03', '0507', 'CORONEL CASTAÑEDA', '050703'),
('05', '07', '04', '0507', 'PACAPAUSA', '050704'),
('05', '07', '05', '0507', 'PULLO', '050705'),
('05', '07', '06', '0507', 'PUYUSCA', '050706'),
('05', '07', '07', '0507', 'SAN FRANCISCO DE RAVACAYCO', '050707'),
('05', '07', '08', '0507', 'UPAHUACHO', '050708'),
('05', '08', '01', '0508', 'PAUSA', '050801'),
('05', '08', '02', '0508', 'COLTA', '050802'),
('05', '08', '03', '0508', 'CORCULLA', '050803'),
('05', '08', '04', '0508', 'LAMPA', '050804'),
('05', '08', '05', '0508', 'MARCABAMBA', '050805'),
('05', '08', '06', '0508', 'OYOLO', '050806'),
('05', '08', '07', '0508', 'PARARCA', '050807'),
('05', '08', '08', '0508', 'SAN JAVIER DE ALPABAMBA', '050808'),
('05', '08', '09', '0508', 'SAN JOSE DE USHUA', '050809'),
('05', '08', '10', '0508', 'SARA SARA', '050810'),
('05', '09', '01', '0509', 'QUEROBAMBA', '050901'),
('05', '09', '02', '0509', 'BELEN', '050902'),
('05', '09', '03', '0509', 'CHALCOS', '050903'),
('05', '09', '04', '0509', 'CHILCAYOC', '050904'),
('05', '09', '05', '0509', 'HUACAÑA', '050905'),
('05', '09', '06', '0509', 'MORCOLLA', '050906'),
('05', '09', '07', '0509', 'PAICO', '050907'),
('05', '09', '08', '0509', 'SAN PEDRO DE LARCAY', '050908'),
('05', '09', '09', '0509', 'SAN SALVADOR DE QUIJE', '050909'),
('05', '09', '10', '0509', 'SANTIAGO DE PAUCARAY', '050910'),
('05', '09', '11', '0509', 'SORAS', '050911'),
('05', '10', '01', '0510', 'HUANCAPI', '051001'),
('05', '10', '02', '0510', 'ALCAMENCA', '051002'),
('05', '10', '03', '0510', 'APONGO', '051003'),
('05', '10', '04', '0510', 'ASQUIPATA', '051004'),
('05', '10', '05', '0510', 'CANARIA', '051005'),
('05', '10', '06', '0510', 'CAYARA', '051006'),
('05', '10', '07', '0510', 'COLCA', '051007'),
('05', '10', '08', '0510', 'HUAMANQUIQUIA', '051008'),
('05', '10', '09', '0510', 'HUANCARAYLLA', '051009'),
('05', '10', '10', '0510', 'HUAYA', '051010'),
('05', '10', '11', '0510', 'SARHUA', '051011'),
('05', '10', '12', '0510', 'VILCANCHOS', '051012'),
('05', '11', '01', '0511', 'VILCAS HUAMAN', '051101'),
('05', '11', '02', '0511', 'ACCOMARCA', '051102'),
('05', '11', '03', '0511', 'CARHUANCA', '051103'),
('05', '11', '04', '0511', 'CONCEPCION', '051104'),
('05', '11', '05', '0511', 'HUAMBALPA', '051105'),
('05', '11', '06', '0511', 'INDEPENDENCIA', '051106'),
('05', '11', '07', '0511', 'SAURAMA', '051107'),
('05', '11', '08', '0511', 'VISCHONGO', '051108'),
('06', '01', '01', '0601', 'CAJAMARCA', '060101'),
('06', '01', '02', '0601', 'ASUNCION', '060102'),
('06', '01', '03', '0601', 'CHETILLA', '060103'),
('06', '01', '04', '0601', 'COSPAN', '060104'),
('06', '01', '05', '0601', 'ENCAÑADA', '060105'),
('06', '01', '06', '0601', 'JESUS', '060106'),
('06', '01', '07', '0601', 'LLACANORA', '060107'),
('06', '01', '08', '0601', 'LOS BAÑOS DEL INCA', '060108'),
('06', '01', '09', '0601', 'MAGDALENA', '060109'),
('06', '01', '10', '0601', 'MATARA', '060110'),
('06', '01', '11', '0601', 'NAMORA', '060111'),
('06', '01', '12', '0601', 'SAN JUAN', '060112'),
('06', '02', '01', '0602', 'CAJABAMBA', '060201'),
('06', '02', '02', '0602', 'CACHACHI', '060202'),
('06', '02', '03', '0602', 'CONDEBAMBA', '060203'),
('06', '02', '04', '0602', 'SITACOCHA', '060204'),
('06', '03', '01', '0603', 'CELENDIN', '060301'),
('06', '03', '02', '0603', 'CHUMUCH', '060302'),
('06', '03', '03', '0603', 'CORTEGANA', '060303'),
('06', '03', '04', '0603', 'HUASMIN', '060304'),
('06', '03', '05', '0603', 'JORGE CHAVEZ', '060305'),
('06', '03', '06', '0603', 'JOSE GALVEZ', '060306'),
('06', '03', '07', '0603', 'MIGUEL IGLESIAS', '060307'),
('06', '03', '08', '0603', 'OXAMARCA', '060308'),
('06', '03', '09', '0603', 'SOROCHUCO', '060309'),
('06', '03', '10', '0603', 'SUCRE', '060310'),
('06', '03', '11', '0603', 'UTCO', '060311'),
('06', '03', '12', '0603', 'LA LIBERTAD DE PALLAN', '060312'),
('06', '04', '01', '0604', 'CHOTA', '060401'),
('06', '04', '02', '0604', 'ANGUIA', '060402'),
('06', '04', '03', '0604', 'CHADIN', '060403'),
('06', '04', '04', '0604', 'CHIGUIRIP', '060404'),
('06', '04', '05', '0604', 'CHIMBAN', '060405'),
('06', '04', '06', '0604', 'CHOROPAMPA', '060406'),
('06', '04', '07', '0604', 'COCHABAMBA', '060407'),
('06', '04', '08', '0604', 'CONCHAN', '060408'),
('06', '04', '09', '0604', 'HUAMBOS', '060409'),
('06', '04', '10', '0604', 'LAJAS', '060410'),
('06', '04', '11', '0604', 'LLAMA', '060411'),
('06', '04', '12', '0604', 'MIRACOSTA', '060412'),
('06', '04', '13', '0604', 'PACCHA', '060413'),
('06', '04', '14', '0604', 'PION', '060414'),
('06', '04', '15', '0604', 'QUEROCOTO', '060415'),
('06', '04', '16', '0604', 'SAN JUAN DE LICUPIS', '060416'),
('06', '04', '17', '0604', 'TACABAMBA', '060417'),
('06', '04', '18', '0604', 'TOCMOCHE', '060418'),
('06', '04', '19', '0604', 'CHALAMARCA', '060419'),
('06', '05', '01', '0605', 'CONTUMAZA', '060501'),
('06', '05', '02', '0605', 'CHILETE', '060502'),
('06', '05', '03', '0605', 'CUPISNIQUE', '060503'),
('06', '05', '04', '0605', 'GUZMANGO', '060504'),
('06', '05', '05', '0605', 'SAN BENITO', '060505'),
('06', '05', '06', '0605', 'SANTA CRUZ DE TOLED', '060506'),
('06', '05', '07', '0605', 'TANTARICA', '060507'),
('06', '05', '08', '0605', 'YONAN', '060508'),
('06', '06', '01', '0606', 'CUTERVO', '060601'),
('06', '06', '02', '0606', 'CALLAYUC', '060602'),
('06', '06', '03', '0606', 'CHOROS', '060603'),
('06', '06', '04', '0606', 'CUJILLO', '060604'),
('06', '06', '05', '0606', 'LA RAMADA', '060605'),
('06', '06', '06', '0606', 'PIMPINGOS', '060606'),
('06', '06', '07', '0606', 'QUEROCOTILLO', '060607'),
('06', '06', '08', '0606', 'SAN ANDRES DE CUTERVO', '060608'),
('06', '06', '09', '0606', 'SAN JUAN DE CUTERVO', '060609'),
('06', '06', '10', '0606', 'SAN LUIS DE LUCMA', '060610'),
('06', '06', '11', '0606', 'SANTA CRUZ', '060611'),
('06', '06', '12', '0606', 'SANTO DOMINGO DE LA CAPILLA', '060612'),
('06', '06', '13', '0606', 'SANTO TOMAS', '060613'),
('06', '06', '14', '0606', 'SOCOTA', '060614'),
('06', '06', '15', '0606', 'TORIBIO CASANOVA', '060615'),
('06', '07', '01', '0607', 'BAMBAMARCA', '060701'),
('06', '07', '02', '0607', 'CHUGUR', '060702'),
('06', '07', '03', '0607', 'HUALGAYOC', '060703'),
('06', '08', '01', '0608', 'JAEN', '060801'),
('06', '08', '02', '0608', 'BELLAVISTA', '060802'),
('06', '08', '03', '0608', 'CHONTALI', '060803'),
('06', '08', '04', '0608', 'COLASAY', '060804'),
('06', '08', '05', '0608', 'HUABAL', '060805'),
('06', '08', '06', '0608', 'LAS PIRIAS', '060806'),
('06', '08', '07', '0608', 'POMAHUACA', '060807'),
('06', '08', '08', '0608', 'PUCARA', '060808'),
('06', '08', '09', '0608', 'SALLIQUE', '060809'),
('06', '08', '10', '0608', 'SAN FELIPE', '060810'),
('06', '08', '11', '0608', 'SAN JOSE DEL ALTO', '060811'),
('06', '08', '12', '0608', 'SANTA ROSA', '060812'),
('06', '09', '01', '0609', 'SAN IGNACIO', '060901'),
('06', '09', '02', '0609', 'CHIRINOS', '060902'),
('06', '09', '03', '0609', 'HUARANGO', '060903'),
('06', '09', '04', '0609', 'LA COIPA', '060904'),
('06', '09', '05', '0609', 'NAMBALLE', '060905'),
('06', '09', '06', '0609', 'SAN JOSE DE LOURDES', '060906'),
('06', '09', '07', '0609', 'TABACONAS', '060907'),
('06', '10', '01', '0610', 'PEDRO GALVEZ', '061001'),
('06', '10', '02', '0610', 'CHANCAY', '061002'),
('06', '10', '03', '0610', 'EDUARDO VILLANUEVA', '061003'),
('06', '10', '04', '0610', 'GREGORIO PITA', '061004'),
('06', '10', '05', '0610', 'ICHOCAN', '061005'),
('06', '10', '06', '0610', 'JOSE MANUEL QUIROZ', '061006'),
('06', '10', '07', '0610', 'JOSE SABOGAL', '061007'),
('06', '11', '01', '0611', 'SAN MIGUEL', '061101'),
('06', '11', '02', '0611', 'BOLIVAR', '061102'),
('06', '11', '03', '0611', 'CALQUIS', '061103'),
('06', '11', '04', '0611', 'CATILLUC', '061104'),
('06', '11', '05', '0611', 'EL PRADO', '061105'),
('06', '11', '06', '0611', 'LA FLORIDA', '061106'),
('06', '11', '07', '0611', 'LLAPA', '061107'),
('06', '11', '08', '0611', 'NANCHOC', '061108'),
('06', '11', '09', '0611', 'NIEPOS', '061109'),
('06', '11', '10', '0611', 'SAN GREGORIO', '061110'),
('06', '11', '11', '0611', 'SAN SILVESTRE DE COCHAN', '061111'),
('06', '11', '12', '0611', 'TONGOD', '061112'),
('06', '11', '13', '0611', 'UNION AGUA BLANCA', '061113'),
('06', '12', '01', '0612', 'SAN PABLO', '061201'),
('06', '12', '02', '0612', 'SAN BERNARDINO', '061202'),
('06', '12', '03', '0612', 'SAN LUIS', '061203'),
('06', '12', '04', '0612', 'TUMBADEN', '061204'),
('06', '13', '01', '0613', 'SANTA CRUZ', '061301'),
('06', '13', '02', '0613', 'ANDABAMBA', '061302'),
('06', '13', '03', '0613', 'CATACHE', '061303'),
('06', '13', '04', '0613', 'CHANCAYBAÑOS', '061304'),
('06', '13', '05', '0613', 'LA ESPERANZA', '061305'),
('06', '13', '06', '0613', 'NINABAMBA', '061306'),
('06', '13', '07', '0613', 'PULAN', '061307'),
('06', '13', '08', '0613', 'SAUCEPAMPA', '061308'),
('06', '13', '09', '0613', 'SEXI', '061309'),
('06', '13', '10', '0613', 'UTICYACU', '061310'),
('06', '13', '11', '0613', 'YAUYUCAN', '061311'),
('07', '01', '01', '0701', 'CALLAO', '070101'),
('07', '01', '02', '0701', 'BELLAVISTA', '070102'),
('07', '01', '03', '0701', 'CARMEN DE LA LEGUA REYNOSO', '070103'),
('07', '01', '04', '0701', 'LA PERLA', '070104'),
('07', '01', '05', '0701', 'LA PUNTA', '070105'),
('07', '01', '06', '0701', 'VENTANILLA', '070106'),
('07', '01', '07', '0701', 'MI PERU', '070107'),
('08', '01', '01', '0801', 'CUSCO', '080101'),
('08', '01', '02', '0801', 'CCORCA', '080102'),
('08', '01', '03', '0801', 'POROY', '080103'),
('08', '01', '04', '0801', 'SAN JERONIMO', '080104'),
('08', '01', '05', '0801', 'SAN SEBASTIAN', '080105'),
('08', '01', '06', '0801', 'SANTIAGO', '080106'),
('08', '01', '07', '0801', 'SAYLLA', '080107'),
('08', '01', '08', '0801', 'WANCHAQ', '080108'),
('08', '02', '01', '0802', 'ACOMAYO', '080201'),
('08', '02', '02', '0802', 'ACOPIA', '080202'),
('08', '02', '03', '0802', 'ACOS', '080203'),
('08', '02', '04', '0802', 'MOSOC LLACTA', '080204'),
('08', '02', '05', '0802', 'POMACANCHI', '080205'),
('08', '02', '06', '0802', 'RONDOCAN', '080206'),
('08', '02', '07', '0802', 'SANGARARA', '080207'),
('08', '03', '01', '0803', 'ANTA', '080301'),
('08', '03', '02', '0803', 'ANCAHUASI', '080302'),
('08', '03', '03', '0803', 'CACHIMAYO', '080303'),
('08', '03', '04', '0803', 'CHINCHAYPUJIO', '080304'),
('08', '03', '05', '0803', 'HUAROCONDO', '080305'),
('08', '03', '06', '0803', 'LIMATAMBO', '080306'),
('08', '03', '07', '0803', 'MOLLEPATA', '080307'),
('08', '03', '08', '0803', 'PUCYURA', '080308'),
('08', '03', '09', '0803', 'ZURITE', '080309'),
('08', '04', '01', '0804', 'CALCA', '080401'),
('08', '04', '02', '0804', 'COYA', '080402'),
('08', '04', '03', '0804', 'LAMAY', '080403'),
('08', '04', '04', '0804', 'LARES', '080404'),
('08', '04', '05', '0804', 'PISAC', '080405'),
('08', '04', '06', '0804', 'SAN SALVADOR', '080406'),
('08', '04', '07', '0804', 'TARAY', '080407'),
('08', '04', '08', '0804', 'YANATILE', '080408'),
('08', '05', '01', '0805', 'YANAOCA', '080501'),
('08', '05', '02', '0805', 'CHECCA', '080502'),
('08', '05', '03', '0805', 'KUNTURKANKI', '080503'),
('08', '05', '04', '0805', 'LANGUI', '080504'),
('08', '05', '05', '0805', 'LAYO', '080505'),
('08', '05', '06', '0805', 'PAMPAMARCA', '080506'),
('08', '05', '07', '0805', 'QUEHUE', '080507'),
('08', '05', '08', '0805', 'TUPAC AMARU', '080508'),
('08', '06', '01', '0806', 'SICUANI', '080601'),
('08', '06', '02', '0806', 'CHECACUPE', '080602'),
('08', '06', '03', '0806', 'COMBAPATA', '080603'),
('08', '06', '04', '0806', 'MARANGANI', '080604'),
('08', '06', '05', '0806', 'PITUMARCA', '080605'),
('08', '06', '06', '0806', 'SAN PABLO', '080606'),
('08', '06', '07', '0806', 'SAN PEDRO', '080607'),
('08', '06', '08', '0806', 'TINTA', '080608'),
('08', '07', '01', '0807', 'SANTO TOMAS', '080701'),
('08', '07', '02', '0807', 'CAPACMARCA', '080702'),
('08', '07', '03', '0807', 'CHAMACA', '080703'),
('08', '07', '04', '0807', 'COLQUEMARCA', '080704'),
('08', '07', '05', '0807', 'LIVITACA', '080705'),
('08', '07', '06', '0807', 'LLUSCO', '080706'),
('08', '07', '07', '0807', 'QUIÑOTA', '080707'),
('08', '07', '08', '0807', 'VELILLE', '080708'),
('08', '08', '01', '0808', 'ESPINAR', '080801'),
('08', '08', '02', '0808', 'CONDOROMA', '080802'),
('08', '08', '03', '0808', 'COPORAQUE', '080803'),
('08', '08', '04', '0808', 'OCORURO', '080804'),
('08', '08', '05', '0808', 'PALLPATA', '080805'),
('08', '08', '06', '0808', 'PICHIGUA', '080806'),
('08', '08', '07', '0808', 'SUYCKUTAMBO', '080807'),
('08', '08', '08', '0808', 'ALTO PICHIGUA', '080808'),
('08', '09', '01', '0809', 'SANTA ANA', '080901'),
('08', '09', '02', '0809', 'ECHARATE', '080902'),
('08', '09', '03', '0809', 'HUAYOPATA', '080903'),
('08', '09', '04', '0809', 'MARANURA', '080904'),
('08', '09', '05', '0809', 'OCOBAMBA', '080905'),
('08', '09', '06', '0809', 'QUELLOUNO', '080906'),
('08', '09', '07', '0809', 'KIMBIRI', '080907'),
('08', '09', '08', '0809', 'SANTA TERESA', '080908'),
('08', '09', '09', '0809', 'VILCABAMBA', '080909'),
('08', '09', '10', '0809', 'PICHARI', '080910'),
('08', '09', '15', '0809', 'QUILLABAMBA', '080915'),
('08', '10', '01', '0810', 'PARURO', '081001'),
('08', '10', '02', '0810', 'ACCHA', '081002'),
('08', '10', '03', '0810', 'CCAPI', '081003'),
('08', '10', '04', '0810', 'COLCHA', '081004'),
('08', '10', '05', '0810', 'HUANOQUITE', '081005'),
('08', '10', '06', '0810', 'OMACHA', '081006'),
('08', '10', '07', '0810', 'PACCARITAMBO', '081007'),
('08', '10', '08', '0810', 'PILLPINTO', '081008'),
('08', '10', '09', '0810', 'YAURISQUE', '081009'),
('08', '11', '01', '0811', 'PAUCARTAMBO', '081101'),
('08', '11', '02', '0811', 'CAICAY', '081102'),
('08', '11', '03', '0811', 'CHALLABAMBA', '081103'),
('08', '11', '04', '0811', 'COLQUEPATA', '081104'),
('08', '11', '05', '0811', 'HUANCARANI', '081105'),
('08', '11', '06', '0811', 'KOSÑIPATA', '081106'),
('08', '12', '01', '0812', 'URCOS', '081201'),
('08', '12', '02', '0812', 'ANDAHUAYLILLAS', '081202'),
('08', '12', '03', '0812', 'CAMANTI', '081203'),
('08', '12', '04', '0812', 'CCARHUAYO', '081204'),
('08', '12', '05', '0812', 'CCATCA', '081205'),
('08', '12', '06', '0812', 'CUSIPATA', '081206'),
('08', '12', '07', '0812', 'HUARO', '081207'),
('08', '12', '08', '0812', 'LUCRE', '081208'),
('08', '12', '09', '0812', 'MARCAPATA', '081209'),
('08', '12', '10', '0812', 'OCONGATE', '081210'),
('08', '12', '11', '0812', 'OROPESA', '081211'),
('08', '12', '12', '0812', 'QUIQUIJANA', '081212'),
('08', '13', '01', '0813', 'URUBAMBA', '081301'),
('08', '13', '02', '0813', 'CHINCHERO', '081302'),
('08', '13', '03', '0813', 'HUAYLLABAMBA', '081303'),
('08', '13', '04', '0813', 'MACHUPICCHU', '081304'),
('08', '13', '05', '0813', 'MARAS', '081305'),
('08', '13', '06', '0813', 'OLLANTAYTAMBO', '081306'),
('08', '13', '07', '0813', 'YUCAY', '081307'),
('09', '01', '01', '0901', 'HUANCAVELICA', '090101'),
('09', '01', '02', '0901', 'ACOBAMBILLA', '090102'),
('09', '01', '03', '0901', 'ACORIA', '090103'),
('09', '01', '04', '0901', 'CONAYCA', '090104'),
('09', '01', '05', '0901', 'CUENCA', '090105'),
('09', '01', '06', '0901', 'HUACHOCOLPA', '090106'),
('09', '01', '07', '0901', 'HUAYLLAHUARA', '090107'),
('09', '01', '08', '0901', 'IZCUCHACA', '090108'),
('09', '01', '09', '0901', 'LARIA', '090109'),
('09', '01', '10', '0901', 'MANTA', '090110'),
('09', '01', '11', '0901', 'MARISCAL CACERES', '090111'),
('09', '01', '12', '0901', 'MOYA', '090112'),
('09', '01', '13', '0901', 'NUEVO OCCORO', '090113'),
('09', '01', '14', '0901', 'PALCA', '090114'),
('09', '01', '15', '0901', 'PILCHACA', '090115'),
('09', '01', '16', '0901', 'VILCA', '090116'),
('09', '01', '17', '0901', 'YAULI', '090117'),
('09', '01', '18', '0901', 'ASCENSION', '090118'),
('09', '01', '19', '0901', 'HUANDO', '090119'),
('09', '02', '01', '0902', 'ACOBAMBA', '090201'),
('09', '02', '02', '0902', 'ANDABAMBA', '090202'),
('09', '02', '03', '0902', 'ANTA', '090203'),
('09', '02', '04', '0902', 'CAJA', '090204'),
('09', '02', '05', '0902', 'MARCAS', '090205'),
('09', '02', '06', '0902', 'PAUCARA', '090206'),
('09', '02', '07', '0902', 'POMACOCHA', '090207'),
('09', '02', '08', '0902', 'ROSARIO', '090208'),
('09', '03', '01', '0903', 'LIRCAY', '090301'),
('09', '03', '02', '0903', 'ANCHONGA', '090302'),
('09', '03', '03', '0903', 'CALLANMARCA', '090303'),
('09', '03', '04', '0903', 'CCOCHACCASA', '090304'),
('09', '03', '05', '0903', 'CHINCHO', '090305'),
('09', '03', '06', '0903', 'CONGALLA', '090306'),
('09', '03', '07', '0903', 'HUANCA-HUANCA', '090307'),
('09', '03', '08', '0903', 'HUAYLLAY GRANDE', '090308'),
('09', '03', '09', '0903', 'JULCAMARCA', '090309'),
('09', '03', '10', '0903', 'SAN ANTONIO DE ANTAPARCO', '090310'),
('09', '03', '11', '0903', 'SANTO TOMAS DE PATA', '090311'),
('09', '03', '12', '0903', 'SECCLLA', '090312'),
('09', '04', '01', '0904', 'CASTROVIRREYNA', '090401'),
('09', '04', '02', '0904', 'ARMA', '090402'),
('09', '04', '03', '0904', 'AURAHUA', '090403'),
('09', '04', '04', '0904', 'CAPILLAS', '090404'),
('09', '04', '05', '0904', 'CHUPAMARCA', '090405'),
('09', '04', '06', '0904', 'COCAS', '090406'),
('09', '04', '07', '0904', 'HUACHOS', '090407'),
('09', '04', '08', '0904', 'HUAMATAMBO', '090408'),
('09', '04', '09', '0904', 'MOLLEPAMPA', '090409'),
('09', '04', '10', '0904', 'SAN JUAN', '090410'),
('09', '04', '11', '0904', 'SANTA ANA', '090411'),
('09', '04', '12', '0904', 'TANTARA', '090412'),
('09', '04', '13', '0904', 'TICRAPO', '090413'),
('09', '05', '01', '0905', 'CHURCAMPA', '090501'),
('09', '05', '02', '0905', 'ANCO', '090502'),
('09', '05', '03', '0905', 'CHINCHIHUASI', '090503'),
('09', '05', '04', '0905', 'EL CARMEN', '090504'),
('09', '05', '05', '0905', 'LA MERCED', '090505'),
('09', '05', '06', '0905', 'LOCROJA', '090506'),
('09', '05', '07', '0905', 'PAUCARBAMBA', '090507'),
('09', '05', '08', '0905', 'SAN MIGUEL DE MAYOCC', '090508'),
('09', '05', '09', '0905', 'SAN PEDRO DE CORIS', '090509'),
('09', '05', '10', '0905', 'PACHAMARCA', '090510'),
('09', '05', '11', '0905', 'COSME', '090511'),
('09', '06', '01', '0906', 'HUAYTARA', '090601'),
('09', '06', '02', '0906', 'AYAVI', '090602'),
('09', '06', '03', '0906', 'CORDOVA', '090603'),
('09', '06', '04', '0906', 'HUAYACUNDO ARMA', '090604'),
('09', '06', '05', '0906', 'LARAMARCA', '090605'),
('09', '06', '06', '0906', 'OCOYO', '090606'),
('09', '06', '07', '0906', 'PILPICHACA', '090607'),
('09', '06', '08', '0906', 'QUERCO', '090608'),
('09', '06', '09', '0906', 'QUITO-ARMA', '090609'),
('09', '06', '10', '0906', 'SAN ANTONIO DE CUSICANCHA', '090610'),
('09', '06', '11', '0906', 'SAN FRANCISCO DE SANGAYAICO', '090611'),
('09', '06', '12', '0906', 'SAN ISIDRO', '090612'),
('09', '06', '13', '0906', 'SANTIAGO DE CHOCORVOS', '090613'),
('09', '06', '14', '0906', 'SANTIAGO DE QUIRAHUARA', '090614'),
('09', '06', '15', '0906', 'SANTO DOMINGO DE CAPILLAS', '090615'),
('09', '06', '16', '0906', 'TAMBO', '090616'),
('09', '07', '01', '0907', 'PAMPAS', '090701'),
('09', '07', '02', '0907', 'ACOSTAMBO', '090702'),
('09', '07', '03', '0907', 'ACRAQUIA', '090703'),
('09', '07', '04', '0907', 'AHUAYCHA', '090704'),
('09', '07', '05', '0907', 'COLCABAMBA', '090705'),
('09', '07', '06', '0907', 'DANIEL HERNANDEZ', '090706'),
('09', '07', '07', '0907', 'HUACHOCOLPA', '090707'),
('09', '07', '09', '0907', 'HUARIBAMBA', '090709'),
('09', '07', '10', '0907', 'ÑAHUIMPUQUIO', '090710'),
('09', '07', '11', '0907', 'PAZOS', '090711'),
('09', '07', '13', '0907', 'QUISHUAR', '090713'),
('09', '07', '14', '0907', 'SALCABAMBA', '090714'),
('09', '07', '15', '0907', 'SALCAHUASI', '090715'),
('09', '07', '16', '0907', 'SAN MARCOS DE ROCCHAC', '090716'),
('09', '07', '17', '0907', 'SURCUBAMBA', '090717'),
('09', '07', '18', '0907', 'TINTAY PUNCU', '090718'),
('09', '07', '19', '0907', 'QUICHUAS', '090719'),
('09', '07', '20', '0907', 'ANDAYMARCA', '090720'),
('09', '07', '21', '0907', 'ROBLE', '090721'),
('09', '07', '44', '0907', 'CAMPO ARMIÑO', '090744'),
('09', '07', '45', '0907', 'IMPERIAL', '090745'),
('09', '07', '46', '0907', 'ABRA TELLERIA', '090746'),
('09', '07', '47', '0907', 'DV. PAMPAS', '090747'),
('09', '07', '48', '0907', 'CARPAPATA', '090748'),
('10', '01', '01', '1001', 'HUANUCO', '100101'),
('10', '01', '02', '1001', 'AMARILIS', '100102'),
('10', '01', '03', '1001', 'CHINCHAO', '100103'),
('10', '01', '04', '1001', 'CHURUBAMBA', '100104'),
('10', '01', '05', '1001', 'MARGOS', '100105'),
('10', '01', '06', '1001', 'QUISQUI', '100106'),
('10', '01', '07', '1001', 'SAN FRANCISCO DE CAYRAN', '100107'),
('10', '01', '08', '1001', 'SAN PEDRO DE CHAULAN', '100108'),
('10', '01', '09', '1001', 'SANTA MARIA DEL VALLE', '100109'),
('10', '01', '10', '1001', 'YARUMAYO', '100110'),
('10', '01', '11', '1001', 'PILLCO MARCA', '100111'),
('10', '01', '12', '1001', 'YACUS', '100112'),
('10', '01', '14', '1001', 'HUANCAPALLAC', '100114'),
('10', '01', '15', '1001', 'ACOMAYO', '100115'),
('10', '02', '01', '1002', 'AMBO', '100201'),
('10', '02', '02', '1002', 'CAYNA', '100202'),
('10', '02', '03', '1002', 'COLPAS', '100203'),
('10', '02', '04', '1002', 'CONCHAMARCA', '100204'),
('10', '02', '05', '1002', 'HUACAR', '100205'),
('10', '02', '06', '1002', 'SAN FRANCISCO', '100206'),
('10', '02', '07', '1002', 'SAN RAFAEL', '100207'),
('10', '02', '08', '1002', 'TOMAY KICHWA', '100208'),
('10', '03', '01', '1003', 'LA UNION', '100301'),
('10', '03', '07', '1003', 'CHUQUIS', '100307'),
('10', '03', '11', '1003', 'MARIAS', '100311'),
('10', '03', '13', '1003', 'PACHAS', '100313'),
('10', '03', '16', '1003', 'QUIVILLA', '100316'),
('10', '03', '17', '1003', 'RIPAN', '100317'),
('10', '03', '21', '1003', 'SHUNQUI', '100321'),
('10', '03', '22', '1003', 'SILLAPATA', '100322'),
('10', '03', '23', '1003', 'YANAS', '100323'),
('10', '04', '01', '1004', 'HUACAYBAMBA', '100401'),
('10', '04', '02', '1004', 'CANCHABAMBA', '100402'),
('10', '04', '03', '1004', 'COCHABAMBA', '100403'),
('10', '04', '04', '1004', 'PINRA', '100404'),
('10', '05', '01', '1005', 'LLATA', '100501'),
('10', '05', '02', '1005', 'ARANCAY', '100502'),
('10', '05', '03', '1005', 'CHAVIN DE PARIARCA', '100503'),
('10', '05', '04', '1005', 'JACAS GRANDE', '100504'),
('10', '05', '05', '1005', 'JIRCAN', '100505'),
('10', '05', '06', '1005', 'MIRAFLORES', '100506'),
('10', '05', '07', '1005', 'MONZON', '100507'),
('10', '05', '08', '1005', 'PUNCHAO', '100508'),
('10', '05', '09', '1005', 'PUÑOS', '100509'),
('10', '05', '10', '1005', 'SINGA', '100510'),
('10', '05', '11', '1005', 'TANTAMAYO', '100511'),
('10', '06', '01', '1006', 'RUPA-RUPA', '100601'),
('10', '06', '02', '1006', 'DANIEL ALOMIA ROBLES', '100602'),
('10', '06', '03', '1006', 'HERMILIO VALDIZAN', '100603'),
('10', '06', '04', '1006', 'JOSE CRESPO Y CASTILLO', '100604'),
('10', '06', '05', '1006', 'LUYANDO', '100605'),
('10', '06', '06', '1006', 'MARIANO DAMASO BERAUN', '100606'),
('10', '06', '07', '1006', 'PUCAYACU', '100607'),
('10', '06', '08', '1006', 'CASTILLO GRANDE', '100608'),
('10', '06', '09', '1006', 'PUEBLO NUEVO', '100609'),
('10', '06', '12', '1006', 'TINGO MARIA', '100612'),
('10', '06', '13', '1006', 'AUCAYACU', '100613'),
('10', '07', '01', '1007', 'HUACRACHUCO', '100701'),
('10', '07', '02', '1007', 'CHOLON', '100702'),
('10', '07', '03', '1007', 'SAN BUENAVENTURA', '100703'),
('10', '07', '06', '1007', 'MADRE MIA', '100706'),
('10', '07', '07', '1007', 'MAMAHUAJES (MARAÑON)', '100707'),
('10', '08', '01', '1008', 'PANAO', '100801'),
('10', '08', '02', '1008', 'CHAGLLA', '100802'),
('10', '08', '03', '1008', 'MOLINO', '100803'),
('10', '08', '04', '1008', 'UMARI', '100804'),
('10', '09', '01', '1009', 'PUERTO INCA', '100901'),
('10', '09', '02', '1009', 'CODO DEL POZUZO', '100902'),
('10', '09', '03', '1009', 'HONORIA', '100903'),
('10', '09', '04', '1009', 'TOURNAVISTA', '100904'),
('10', '09', '05', '1009', 'YUYAPICHIS', '100905'),
('10', '10', '01', '1010', 'JESUS', '101001'),
('10', '10', '02', '1010', 'BAÑOS', '101002'),
('10', '10', '03', '1010', 'JIVIA', '101003'),
('10', '10', '04', '1010', 'QUEROPALCA', '101004'),
('10', '10', '05', '1010', 'RONDOS', '101005'),
('10', '10', '06', '1010', 'SAN FRANCISCO DE ASIS', '101006'),
('10', '10', '07', '1010', 'SAN MIGUEL DE CAURI', '101007'),
('10', '11', '01', '1011', 'CHAVINILLO', '101101'),
('10', '11', '02', '1011', 'CAHUAC', '101102'),
('10', '11', '03', '1011', 'CHACABAMBA', '101103'),
('10', '11', '04', '1011', 'APARICIO POMARES', '101104'),
('10', '11', '05', '1011', 'JACAS CHICO', '101105'),
('10', '11', '06', '1011', 'OBAS', '101106'),
('10', '11', '07', '1011', 'PAMPAMARCA', '101107'),
('10', '11', '08', '1011', 'CHORAS', '101108'),
('11', '01', '01', '1101', 'ICA', '110101'),
('11', '01', '02', '1101', 'LA TINGUIÑA', '110102'),
('11', '01', '03', '1101', 'LOS AQUIJES', '110103'),
('11', '01', '04', '1101', 'OCUCAJE', '110104'),
('11', '01', '05', '1101', 'PACHACUTEC', '110105'),
('11', '01', '06', '1101', 'PARCONA', '110106'),
('11', '01', '07', '1101', 'PUEBLO NUEVO', '110107'),
('11', '01', '08', '1101', 'SALAS', '110108'),
('11', '01', '09', '1101', 'SAN JOSE DE LOS MOLINOS', '110109'),
('11', '01', '10', '1101', 'SAN JUAN BAUTISTA', '110110'),
('11', '01', '11', '1101', 'SANTIAGO', '110111'),
('11', '01', '12', '1101', 'SUBTANJALLA', '110112'),
('11', '01', '13', '1101', 'TATE', '110113'),
('11', '01', '14', '1101', 'YAUCA DEL ROSARIO', '110114'),
('11', '02', '01', '1102', 'CHINCHA ALTA', '110201'),
('11', '02', '02', '1102', 'ALTO LARAN', '110202'),
('11', '02', '03', '1102', 'CHAVIN', '110203'),
('11', '02', '04', '1102', 'CHINCHA BAJA', '110204'),
('11', '02', '05', '1102', 'EL CARMEN', '110205'),
('11', '02', '06', '1102', 'GROCIO PRADO', '110206'),
('11', '02', '07', '1102', 'PUEBLO NUEVO', '110207'),
('11', '02', '08', '1102', 'SAN JUAN DE YANAC', '110208'),
('11', '02', '09', '1102', 'SAN PEDRO DE HUACARPANA', '110209'),
('11', '02', '10', '1102', 'SUNAMPE', '110210'),
('11', '02', '11', '1102', 'TAMBO DE MORA', '110211');
INSERT INTO `distritos` (`codigo_dpto`, `codigo_prov`, `codigo_dist`, `dpto_prov`, `nombre_dist`, `ubigeo`) VALUES
('11', '03', '01', '1103', 'NASCA', '110301'),
('11', '03', '02', '1103', 'CHANGUILLO', '110302'),
('11', '03', '03', '1103', 'EL INGENIO', '110303'),
('11', '03', '04', '1103', 'MARCONA', '110304'),
('11', '03', '05', '1103', 'VISTA ALEGRE', '110305'),
('11', '04', '01', '1104', 'PALPA', '110401'),
('11', '04', '02', '1104', 'LLIPATA', '110402'),
('11', '04', '03', '1104', 'RIO GRANDE', '110403'),
('11', '04', '04', '1104', 'SANTA CRUZ', '110404'),
('11', '04', '05', '1104', 'TIBILLO', '110405'),
('11', '05', '01', '1105', 'PISCO', '110501'),
('11', '05', '02', '1105', 'HUANCANO', '110502'),
('11', '05', '03', '1105', 'HUMAY', '110503'),
('11', '05', '04', '1105', 'INDEPENDENCIA', '110504'),
('11', '05', '05', '1105', 'PARACAS', '110505'),
('11', '05', '06', '1105', 'SAN ANDRES', '110506'),
('11', '05', '07', '1105', 'SAN CLEMENTE', '110507'),
('11', '05', '08', '1105', 'TUPAC AMARU INCA', '110508'),
('12', '01', '01', '1201', 'HUANCAYO', '120101'),
('12', '01', '04', '1201', 'CARHUACALLANGA', '120104'),
('12', '01', '05', '1201', 'CHACAPAMPA', '120105'),
('12', '01', '06', '1201', 'CHICCHE', '120106'),
('12', '01', '07', '1201', 'CHILCA', '120107'),
('12', '01', '08', '1201', 'CHONGOS ALTO', '120108'),
('12', '01', '11', '1201', 'CHUPURO', '120111'),
('12', '01', '12', '1201', 'COLCA', '120112'),
('12', '01', '13', '1201', 'CULLHUAS', '120113'),
('12', '01', '14', '1201', 'EL TAMBO', '120114'),
('12', '01', '16', '1201', 'HUACRAPUQUIO', '120116'),
('12', '01', '17', '1201', 'HUALHUAS', '120117'),
('12', '01', '19', '1201', 'HUANCAN', '120119'),
('12', '01', '20', '1201', 'HUASICANCHA', '120120'),
('12', '01', '21', '1201', 'HUAYUCACHI', '120121'),
('12', '01', '22', '1201', 'INGENIO', '120122'),
('12', '01', '24', '1201', 'PARIAHUANCA', '120124'),
('12', '01', '25', '1201', 'PILCOMAYO', '120125'),
('12', '01', '26', '1201', 'PUCARA', '120126'),
('12', '01', '27', '1201', 'QUICHUAY', '120127'),
('12', '01', '28', '1201', 'QUILCAS', '120128'),
('12', '01', '29', '1201', 'SAN AGUSTIN', '120129'),
('12', '01', '30', '1201', 'SAN JERONIMO DE TUNAN', '120130'),
('12', '01', '32', '1201', 'SAÑO', '120132'),
('12', '01', '33', '1201', 'SAPALLANGA', '120133'),
('12', '01', '34', '1201', 'SICAYA', '120134'),
('12', '01', '35', '1201', 'SANTO DOMINGO DE ACOBAMBA', '120135'),
('12', '01', '36', '1201', 'VIQUES', '120136'),
('12', '02', '01', '1202', 'CONCEPCION', '120201'),
('12', '02', '02', '1202', 'ACO', '120202'),
('12', '02', '03', '1202', 'ANDAMARCA', '120203'),
('12', '02', '04', '1202', 'CHAMBARA', '120204'),
('12', '02', '05', '1202', 'COCHAS', '120205'),
('12', '02', '06', '1202', 'COMAS', '120206'),
('12', '02', '07', '1202', 'HEROINAS TOLEDO', '120207'),
('12', '02', '08', '1202', 'MANZANARES', '120208'),
('12', '02', '09', '1202', 'MARISCAL CASTILLA', '120209'),
('12', '02', '10', '1202', 'MATAHUASI', '120210'),
('12', '02', '11', '1202', 'MITO', '120211'),
('12', '02', '12', '1202', 'NUEVE DE JULIO', '120212'),
('12', '02', '13', '1202', 'ORCOTUNA', '120213'),
('12', '02', '14', '1202', 'SAN JOSE DE QUERO', '120214'),
('12', '02', '15', '1202', 'SANTA ROSA DE OCOPA', '120215'),
('12', '03', '01', '1203', 'CHANCHAMAYO', '120301'),
('12', '03', '02', '1203', 'PERENE', '120302'),
('12', '03', '03', '1203', 'PICHANAQUI', '120303'),
('12', '03', '04', '1203', 'SAN LUIS DE SHUARO', '120304'),
('12', '03', '05', '1203', 'SAN RAMON', '120305'),
('12', '03', '06', '1203', 'VITOC', '120306'),
('12', '04', '01', '1204', 'JAUJA', '120401'),
('12', '04', '02', '1204', 'ACOLLA', '120402'),
('12', '04', '03', '1204', 'APATA', '120403'),
('12', '04', '04', '1204', 'ATAURA', '120404'),
('12', '04', '05', '1204', 'CANCHAYLLO', '120405'),
('12', '04', '06', '1204', 'CURICACA', '120406'),
('12', '04', '07', '1204', 'EL MANTARO', '120407'),
('12', '04', '08', '1204', 'HUAMALI', '120408'),
('12', '04', '09', '1204', 'HUARIPAMPA', '120409'),
('12', '04', '10', '1204', 'HUERTAS', '120410'),
('12', '04', '11', '1204', 'JANJAILLO', '120411'),
('12', '04', '12', '1204', 'JULCAN', '120412'),
('12', '04', '13', '1204', 'LEONOR ORDOÑEZ', '120413'),
('12', '04', '14', '1204', 'LLOCLLAPAMPA', '120414'),
('12', '04', '15', '1204', 'MARCO', '120415'),
('12', '04', '16', '1204', 'MASMA', '120416'),
('12', '04', '17', '1204', 'MASMA CHICCHE', '120417'),
('12', '04', '18', '1204', 'MOLINOS', '120418'),
('12', '04', '19', '1204', 'MONOBAMBA', '120419'),
('12', '04', '20', '1204', 'MUQUI', '120420'),
('12', '04', '21', '1204', 'MUQUIYAUYO', '120421'),
('12', '04', '22', '1204', 'PACA', '120422'),
('12', '04', '23', '1204', 'PACCHA', '120423'),
('12', '04', '24', '1204', 'PANCAN', '120424'),
('12', '04', '25', '1204', 'PARCO', '120425'),
('12', '04', '26', '1204', 'POMACANCHA', '120426'),
('12', '04', '27', '1204', 'RICRAN', '120427'),
('12', '04', '28', '1204', 'SAN LORENZO', '120428'),
('12', '04', '29', '1204', 'SAN PEDRO DE CHUNAN', '120429'),
('12', '04', '30', '1204', 'SAUSA', '120430'),
('12', '04', '31', '1204', 'SINCOS', '120431'),
('12', '04', '32', '1204', 'TUNAN MARCA', '120432'),
('12', '04', '33', '1204', 'YAULI', '120433'),
('12', '04', '34', '1204', 'YAUYOS', '120434'),
('12', '05', '01', '1205', 'JUNIN', '120501'),
('12', '05', '02', '1205', 'CARHUAMAYO', '120502'),
('12', '05', '03', '1205', 'ONDORES', '120503'),
('12', '05', '04', '1205', 'ULCUMAYO', '120504'),
('12', '06', '01', '1206', 'SATIPO', '120601'),
('12', '06', '02', '1206', 'COVIRIALI', '120602'),
('12', '06', '03', '1206', 'LLAYLLA', '120603'),
('12', '06', '04', '1206', 'MAZAMARI', '120604'),
('12', '06', '05', '1206', 'PAMPA HERMOSA', '120605'),
('12', '06', '06', '1206', 'PANGOA', '120606'),
('12', '06', '07', '1206', 'RIO NEGRO', '120607'),
('12', '06', '08', '1206', 'RIO TAMBO', '120608'),
('12', '07', '01', '1207', 'TARMA', '120701'),
('12', '07', '02', '1207', 'ACOBAMBA', '120702'),
('12', '07', '03', '1207', 'HUARICOLCA', '120703'),
('12', '07', '04', '1207', 'HUASAHUASI', '120704'),
('12', '07', '05', '1207', 'LA UNION', '120705'),
('12', '07', '06', '1207', 'PALCA', '120706'),
('12', '07', '07', '1207', 'PALCAMAYO', '120707'),
('12', '07', '08', '1207', 'SAN PEDRO DE CAJAS', '120708'),
('12', '07', '09', '1207', 'TAPO', '120709'),
('12', '08', '01', '1208', 'LA OROYA', '120801'),
('12', '08', '02', '1208', 'CHACAPALPA', '120802'),
('12', '08', '03', '1208', 'HUAY-HUAY', '120803'),
('12', '08', '04', '1208', 'MARCAPOMACOCHA', '120804'),
('12', '08', '05', '1208', 'MOROCOCHA', '120805'),
('12', '08', '06', '1208', 'PACCHA', '120806'),
('12', '08', '07', '1208', 'SANTA BARBARA DE CARHUACAYAN', '120807'),
('12', '08', '08', '1208', 'SANTA ROSA DE SACCO', '120808'),
('12', '08', '09', '1208', 'SUITUCANCHA', '120809'),
('12', '08', '10', '1208', 'YAULI', '120810'),
('12', '09', '01', '1209', 'CHUPACA', '120901'),
('12', '09', '02', '1209', 'AHUAC', '120902'),
('12', '09', '03', '1209', 'CHONGOS BAJO', '120903'),
('12', '09', '04', '1209', 'HUACHAC', '120904'),
('12', '09', '05', '1209', 'HUAMANCACA CHICO', '120905'),
('12', '09', '06', '1209', 'SAN JUAN DE ISCOS', '120906'),
('12', '09', '07', '1209', 'SAN JUAN DE JARPA', '120907'),
('12', '09', '08', '1209', 'TRES DE DICIEMBRE', '120908'),
('12', '09', '09', '1209', 'YANACANCHA', '120909'),
('13', '01', '01', '1301', 'TRUJILLO', '130101'),
('13', '01', '02', '1301', 'EL PORVENIR', '130102'),
('13', '01', '03', '1301', 'FLORENCIA DE MORA', '130103'),
('13', '01', '04', '1301', 'HUANCHACO', '130104'),
('13', '01', '05', '1301', 'LA ESPERANZA', '130105'),
('13', '01', '06', '1301', 'LAREDO', '130106'),
('13', '01', '07', '1301', 'MOCHE', '130107'),
('13', '01', '08', '1301', 'POROTO', '130108'),
('13', '01', '09', '1301', 'SALAVERRY', '130109'),
('13', '01', '10', '1301', 'SIMBAL', '130110'),
('13', '01', '11', '1301', 'VICTOR LARCO HERRERA', '130111'),
('13', '02', '01', '1302', 'ASCOPE', '130201'),
('13', '02', '02', '1302', 'CHICAMA', '130202'),
('13', '02', '03', '1302', 'CHOCOPE', '130203'),
('13', '02', '04', '1302', 'MAGDALENA DE CAO', '130204'),
('13', '02', '05', '1302', 'PAIJAN', '130205'),
('13', '02', '06', '1302', 'RAZURI', '130206'),
('13', '02', '07', '1302', 'SANTIAGO DE CAO', '130207'),
('13', '02', '08', '1302', 'CASA GRANDE', '130208'),
('13', '03', '01', '1303', 'BOLIVAR', '130301'),
('13', '03', '02', '1303', 'BAMBAMARCA', '130302'),
('13', '03', '03', '1303', 'CONDORMARCA', '130303'),
('13', '03', '04', '1303', 'LONGOTEA', '130304'),
('13', '03', '05', '1303', 'UCHUMARCA', '130305'),
('13', '03', '06', '1303', 'UCUNCHA', '130306'),
('13', '04', '01', '1304', 'CHEPEN', '130401'),
('13', '04', '02', '1304', 'PACANGA', '130402'),
('13', '04', '03', '1304', 'PUEBLO NUEVO', '130403'),
('13', '05', '01', '1305', 'JULCAN', '130501'),
('13', '05', '02', '1305', 'CALAMARCA', '130502'),
('13', '05', '03', '1305', 'CARABAMBA', '130503'),
('13', '05', '04', '1305', 'HUASO', '130504'),
('13', '06', '01', '1306', 'OTUZCO', '130601'),
('13', '06', '02', '1306', 'AGALLPAMPA', '130602'),
('13', '06', '04', '1306', 'CHARAT', '130604'),
('13', '06', '05', '1306', 'HUARANCHAL', '130605'),
('13', '06', '06', '1306', 'LA CUESTA', '130606'),
('13', '06', '08', '1306', 'MACHE', '130608'),
('13', '06', '10', '1306', 'PARANDAY', '130610'),
('13', '06', '11', '1306', 'SALPO', '130611'),
('13', '06', '13', '1306', 'SINSICAP', '130613'),
('13', '06', '14', '1306', 'USQUIL', '130614'),
('13', '07', '01', '1307', 'SAN PEDRO DE LLOC', '130701'),
('13', '07', '02', '1307', 'GUADALUPE', '130702'),
('13', '07', '03', '1307', 'JEQUETEPEQUE', '130703'),
('13', '07', '04', '1307', 'PACASMAYO', '130704'),
('13', '07', '05', '1307', 'SAN JOSE', '130705'),
('13', '08', '01', '1308', 'TAYABAMBA', '130801'),
('13', '08', '02', '1308', 'BULDIBUYO', '130802'),
('13', '08', '03', '1308', 'CHILLIA', '130803'),
('13', '08', '04', '1308', 'HUANCASPATA', '130804'),
('13', '08', '05', '1308', 'HUAYLILLAS', '130805'),
('13', '08', '06', '1308', 'HUAYO', '130806'),
('13', '08', '07', '1308', 'ONGON', '130807'),
('13', '08', '08', '1308', 'PARCOY', '130808'),
('13', '08', '09', '1308', 'PATAZ', '130809'),
('13', '08', '10', '1308', 'PIAS', '130810'),
('13', '08', '11', '1308', 'SANTIAGO DE CHALLAS', '130811'),
('13', '08', '12', '1308', 'TAURIJA', '130812'),
('13', '08', '13', '1308', 'URPAY', '130813'),
('13', '09', '01', '1309', 'HUAMACHUCO', '130901'),
('13', '09', '02', '1309', 'CHUGAY', '130902'),
('13', '09', '03', '1309', 'COCHORCO', '130903'),
('13', '09', '04', '1309', 'CURGOS', '130904'),
('13', '09', '05', '1309', 'MARCABAL', '130905'),
('13', '09', '06', '1309', 'SANAGORAN', '130906'),
('13', '09', '07', '1309', 'SARIN', '130907'),
('13', '09', '08', '1309', 'SARTIMBAMBA', '130908'),
('13', '10', '01', '1310', 'SANTIAGO DE CHUCO', '131001'),
('13', '10', '02', '1310', 'ANGASMARCA', '131002'),
('13', '10', '03', '1310', 'CACHICADAN', '131003'),
('13', '10', '04', '1310', 'MOLLEBAMBA', '131004'),
('13', '10', '05', '1310', 'MOLLEPATA', '131005'),
('13', '10', '06', '1310', 'QUIRUVILCA', '131006'),
('13', '10', '07', '1310', 'SANTA CRUZ DE CHUCA', '131007'),
('13', '10', '08', '1310', 'SITABAMBA', '131008'),
('13', '11', '01', '1311', 'CASCAS', '131101'),
('13', '11', '02', '1311', 'LUCMA', '131102'),
('13', '11', '03', '1311', 'MARMOT', '131103'),
('13', '11', '04', '1311', 'SAYAPULLO', '131104'),
('13', '12', '01', '1312', 'VIRU', '131201'),
('13', '12', '02', '1312', 'CHAO', '131202'),
('13', '12', '03', '1312', 'GUADALUPITO', '131203'),
('14', '01', '01', '1401', 'CHICLAYO', '140101'),
('14', '01', '02', '1401', 'CHONGOYAPE', '140102'),
('14', '01', '03', '1401', 'ETEN', '140103'),
('14', '01', '04', '1401', 'ETEN PUERTO', '140104'),
('14', '01', '05', '1401', 'JOSE LEONARDO ORTIZ', '140105'),
('14', '01', '06', '1401', 'LA VICTORIA', '140106'),
('14', '01', '07', '1401', 'LAGUNAS', '140107'),
('14', '01', '08', '1401', 'MONSEFU', '140108'),
('14', '01', '09', '1401', 'NUEVA ARICA', '140109'),
('14', '01', '10', '1401', 'OYOTUN', '140110'),
('14', '01', '11', '1401', 'PICSI', '140111'),
('14', '01', '12', '1401', 'PIMENTEL', '140112'),
('14', '01', '13', '1401', 'REQUE', '140113'),
('14', '01', '14', '1401', 'SANTA ROSA', '140114'),
('14', '01', '15', '1401', 'SAÑA', '140115'),
('14', '01', '16', '1401', 'CAYALTI', '140116'),
('14', '01', '17', '1401', 'PATAPO', '140117'),
('14', '01', '18', '1401', 'POMALCA', '140118'),
('14', '01', '19', '1401', 'PUCALA', '140119'),
('14', '01', '20', '1401', 'TUMAN', '140120'),
('14', '02', '01', '1402', 'FERREÑAFE', '140201'),
('14', '02', '02', '1402', 'CAÑARIS', '140202'),
('14', '02', '03', '1402', 'INCAHUASI', '140203'),
('14', '02', '04', '1402', 'MANUEL ANTONIO MESONES MURO', '140204'),
('14', '02', '05', '1402', 'PITIPO', '140205'),
('14', '02', '06', '1402', 'PUEBLO NUEVO', '140206'),
('14', '03', '01', '1403', 'LAMBAYEQUE', '140301'),
('14', '03', '02', '1403', 'CHOCHOPE', '140302'),
('14', '03', '03', '1403', 'ILLIMO', '140303'),
('14', '03', '04', '1403', 'JAYANCA', '140304'),
('14', '03', '05', '1403', 'MOCHUMI', '140305'),
('14', '03', '06', '1403', 'MORROPE', '140306'),
('14', '03', '07', '1403', 'MOTUPE', '140307'),
('14', '03', '08', '1403', 'OLMOS', '140308'),
('14', '03', '09', '1403', 'PACORA', '140309'),
('14', '03', '10', '1403', 'SALAS', '140310'),
('14', '03', '11', '1403', 'SAN JOSE', '140311'),
('14', '03', '12', '1403', 'TUCUME', '140312'),
('15', '01', '01', '1501', 'LIMA', '150101'),
('15', '01', '02', '1501', 'ANCON', '150102'),
('15', '01', '03', '1501', 'ATE', '150103'),
('15', '01', '04', '1501', 'BARRANCO', '150104'),
('15', '01', '05', '1501', 'BREÑA', '150105'),
('15', '01', '06', '1501', 'CARABAYLLO', '150106'),
('15', '01', '07', '1501', 'CHACLACAYO', '150107'),
('15', '01', '08', '1501', 'CHORRILLOS', '150108'),
('15', '01', '09', '1501', 'CIENEGUILLA', '150109'),
('15', '01', '10', '1501', 'COMAS', '150110'),
('15', '01', '11', '1501', 'EL AGUSTINO', '150111'),
('15', '01', '12', '1501', 'INDEPENDENCIA', '150112'),
('15', '01', '13', '1501', 'JESUS MARIA', '150113'),
('15', '01', '14', '1501', 'LA MOLINA', '150114'),
('15', '01', '15', '1501', 'LA VICTORIA', '150115'),
('15', '01', '16', '1501', 'LINCE', '150116'),
('15', '01', '17', '1501', 'LOS OLIVOS', '150117'),
('15', '01', '18', '1501', 'LURIGANCHO', '150118'),
('15', '01', '19', '1501', 'LURIN', '150119'),
('15', '01', '20', '1501', 'MAGDALENA DEL MAR', '150120'),
('15', '01', '21', '1501', 'PUEBLO LIBRE (MAGDALENA VIEJA', '150121'),
('15', '01', '22', '1501', 'MIRAFLORES', '150122'),
('15', '01', '23', '1501', 'PACHACAMAC', '150123'),
('15', '01', '24', '1501', 'PUCUSANA', '150124'),
('15', '01', '25', '1501', 'PUENTE PIEDRA', '150125'),
('15', '01', '26', '1501', 'PUNTA HERMOSA', '150126'),
('15', '01', '27', '1501', 'PUNTA NEGRA', '150127'),
('15', '01', '28', '1501', 'RIMAC', '150128'),
('15', '01', '29', '1501', 'SAN BARTOLO', '150129'),
('15', '01', '30', '1501', 'SAN BORJA', '150130'),
('15', '01', '31', '1501', 'SAN ISIDRO', '150131'),
('15', '01', '32', '1501', 'SAN JUAN DE LURIGANCHO', '150132'),
('15', '01', '33', '1501', 'SAN JUAN DE MIRAFLORES', '150133'),
('15', '01', '34', '1501', 'SAN LUIS', '150134'),
('15', '01', '35', '1501', 'SAN MARTIN DE PORRES', '150135'),
('15', '01', '36', '1501', 'SAN MIGUEL', '150136'),
('15', '01', '37', '1501', 'SANTA ANITA', '150137'),
('15', '01', '38', '1501', 'SANTA MARIA DEL MAR', '150138'),
('15', '01', '39', '1501', 'SANTA ROSA', '150139'),
('15', '01', '40', '1501', 'SANTIAGO DE SURCO', '150140'),
('15', '01', '41', '1501', 'SURQUILLO', '150141'),
('15', '01', '42', '1501', 'VILLA EL SALVADOR', '150142'),
('15', '01', '43', '1501', 'VILLA MARIA DEL TRIUNFO', '150143'),
('15', '02', '01', '1502', 'BARRANCA', '150201'),
('15', '02', '02', '1502', 'PARAMONGA', '150202'),
('15', '02', '03', '1502', 'PATIVILCA', '150203'),
('15', '02', '04', '1502', 'SUPE', '150204'),
('15', '02', '05', '1502', 'SUPE PUERTO', '150205'),
('15', '03', '01', '1503', 'CAJATAMBO', '150301'),
('15', '03', '02', '1503', 'COPA', '150302'),
('15', '03', '03', '1503', 'GORGOR', '150303'),
('15', '03', '04', '1503', 'HUANCAPON', '150304'),
('15', '03', '05', '1503', 'MANAS', '150305'),
('15', '04', '01', '1504', 'CANTA', '150401'),
('15', '04', '02', '1504', 'ARAHUAY', '150402'),
('15', '04', '03', '1504', 'HUAMANTANGA', '150403'),
('15', '04', '04', '1504', 'HUAROS', '150404'),
('15', '04', '05', '1504', 'LACHAQUI', '150405'),
('15', '04', '06', '1504', 'SAN BUENAVENTURA', '150406'),
('15', '04', '07', '1504', 'SANTA ROSA DE QUIVES', '150407'),
('15', '05', '01', '1505', 'SAN VICENTE DE CAÑETE', '150501'),
('15', '05', '02', '1505', 'ASIA', '150502'),
('15', '05', '03', '1505', 'CALANGO', '150503'),
('15', '05', '04', '1505', 'CERRO AZUL', '150504'),
('15', '05', '05', '1505', 'CHILCA', '150505'),
('15', '05', '06', '1505', 'COAYLLO', '150506'),
('15', '05', '07', '1505', 'IMPERIAL', '150507'),
('15', '05', '08', '1505', 'LUNAHUANA', '150508'),
('15', '05', '09', '1505', 'MALA', '150509'),
('15', '05', '10', '1505', 'NUEVO IMPERIAL', '150510'),
('15', '05', '11', '1505', 'PACARAN', '150511'),
('15', '05', '12', '1505', 'QUILMANA', '150512'),
('15', '05', '13', '1505', 'SAN ANTONIO', '150513'),
('15', '05', '14', '1505', 'SAN LUIS', '150514'),
('15', '05', '15', '1505', 'SANTA CRUZ DE FLORES', '150515'),
('15', '05', '16', '1505', 'ZUÑIGA', '150516'),
('15', '06', '01', '1506', 'HUARAL', '150601'),
('15', '06', '02', '1506', 'ATAVILLOS ALTO', '150602'),
('15', '06', '03', '1506', 'ATAVILLOS BAJO', '150603'),
('15', '06', '04', '1506', 'AUCALLAMA', '150604'),
('15', '06', '05', '1506', 'CHANCAY', '150605'),
('15', '06', '06', '1506', 'IHUARI', '150606'),
('15', '06', '07', '1506', 'LAMPIAN', '150607'),
('15', '06', '08', '1506', 'PACARAOS', '150608'),
('15', '06', '09', '1506', 'SAN MIGUEL DE ACOS', '150609'),
('15', '06', '10', '1506', 'SANTA CRUZ DE ANDAMARCA', '150610'),
('15', '06', '11', '1506', 'SUMBILCA', '150611'),
('15', '06', '12', '1506', 'VEINTISIETE DE NOVIEMBRE', '150612'),
('15', '07', '01', '1507', 'MATUCANA', '150701'),
('15', '07', '02', '1507', 'ANTIOQUIA', '150702'),
('15', '07', '03', '1507', 'CALLAHUANCA', '150703'),
('15', '07', '04', '1507', 'CARAMPOMA', '150704'),
('15', '07', '05', '1507', 'CHICLA', '150705'),
('15', '07', '06', '1507', 'CUENCA', '150706'),
('15', '07', '07', '1507', 'HUACHUPAMPA', '150707'),
('15', '07', '08', '1507', 'HUANZA', '150708'),
('15', '07', '09', '1507', 'HUAROCHIRI', '150709'),
('15', '07', '10', '1507', 'LAHUAYTAMBO', '150710'),
('15', '07', '11', '1507', 'LANGA', '150711'),
('15', '07', '12', '1507', 'LARAOS', '150712'),
('15', '07', '13', '1507', 'MARIATANA', '150713'),
('15', '07', '14', '1507', 'RICARDO PALMA', '150714'),
('15', '07', '15', '1507', 'SAN ANDRES DE TUPICOCHA', '150715'),
('15', '07', '16', '1507', 'SAN ANTONIO', '150716'),
('15', '07', '17', '1507', 'SAN BARTOLOME', '150717'),
('15', '07', '18', '1507', 'SAN DAMIAN', '150718'),
('15', '07', '19', '1507', 'SAN JUAN DE IRIS', '150719'),
('15', '07', '20', '1507', 'SAN JUAN DE TANTARANCHE', '150720'),
('15', '07', '21', '1507', 'SAN LORENZO DE QUINTI', '150721'),
('15', '07', '22', '1507', 'SAN MATEO', '150722'),
('15', '07', '23', '1507', 'SAN MATEO DE OTAO', '150723'),
('15', '07', '24', '1507', 'SAN PEDRO DE CASTA', '150724'),
('15', '07', '25', '1507', 'SAN PEDRO DE HUANCAYRE', '150725'),
('15', '07', '26', '1507', 'SANGALLAYA', '150726'),
('15', '07', '27', '1507', 'SANTA CRUZ DE COCACHACRA', '150727'),
('15', '07', '28', '1507', 'SANTA EULALIA', '150728'),
('15', '07', '29', '1507', 'SANTIAGO DE ANCHUCAYA', '150729'),
('15', '07', '30', '1507', 'SANTIAGO DE TUNA', '150730'),
('15', '07', '31', '1507', 'SANTO DOMINGO DE LOS OLLEROS', '150731'),
('15', '07', '32', '1507', 'SURCO', '150732'),
('15', '08', '01', '1508', 'HUACHO', '150801'),
('15', '08', '02', '1508', 'AMBAR', '150802'),
('15', '08', '03', '1508', 'CALETA DE CARQUIN', '150803'),
('15', '08', '04', '1508', 'CHECRAS', '150804'),
('15', '08', '05', '1508', 'HUALMAY', '150805'),
('15', '08', '06', '1508', 'HUAURA', '150806'),
('15', '08', '07', '1508', 'LEONCIO PRADO', '150807'),
('15', '08', '08', '1508', 'PACCHO', '150808'),
('15', '08', '09', '1508', 'SANTA LEONOR', '150809'),
('15', '08', '10', '1508', 'SANTA MARIA', '150810'),
('15', '08', '11', '1508', 'SAYAN', '150811'),
('15', '08', '12', '1508', 'VEGUETA', '150812'),
('15', '09', '01', '1509', 'OYON', '150901'),
('15', '09', '02', '1509', 'ANDAJES', '150902'),
('15', '09', '03', '1509', 'CAUJUL', '150903'),
('15', '09', '04', '1509', 'COCHAMARCA', '150904'),
('15', '09', '05', '1509', 'NAVAN', '150905'),
('15', '09', '06', '1509', 'PACHANGARA', '150906'),
('15', '10', '01', '1510', 'YAUYOS', '151001'),
('15', '10', '02', '1510', 'ALIS', '151002'),
('15', '10', '03', '1510', 'AYAUCA', '151003'),
('15', '10', '04', '1510', 'AYAVIRI', '151004'),
('15', '10', '05', '1510', 'AZANGARO', '151005'),
('15', '10', '06', '1510', 'CACRA', '151006'),
('15', '10', '07', '1510', 'CARANIA', '151007'),
('15', '10', '08', '1510', 'CATAHUASI', '151008'),
('15', '10', '09', '1510', 'CHOCOS', '151009'),
('15', '10', '10', '1510', 'COCHAS', '151010'),
('15', '10', '11', '1510', 'COLONIA', '151011'),
('15', '10', '12', '1510', 'HONGOS', '151012'),
('15', '10', '13', '1510', 'HUAMPARA', '151013'),
('15', '10', '14', '1510', 'HUANCAYA', '151014'),
('15', '10', '15', '1510', 'HUANGASCAR', '151015'),
('15', '10', '16', '1510', 'HUANTAN', '151016'),
('15', '10', '17', '1510', 'HUAÑEC', '151017'),
('15', '10', '18', '1510', 'LARAOS', '151018'),
('15', '10', '19', '1510', 'LINCHA', '151019'),
('15', '10', '20', '1510', 'MADEAN', '151020'),
('15', '10', '21', '1510', 'MIRAFLORES', '151021'),
('15', '10', '22', '1510', 'OMAS', '151022'),
('15', '10', '23', '1510', 'PUTINZA', '151023'),
('15', '10', '24', '1510', 'QUINCHES', '151024'),
('15', '10', '25', '1510', 'QUINOCAY', '151025'),
('15', '10', '26', '1510', 'SAN JOAQUIN', '151026'),
('15', '10', '27', '1510', 'SAN PEDRO DE PILAS', '151027'),
('15', '10', '28', '1510', 'TANTA', '151028'),
('15', '10', '29', '1510', 'TAURIPAMPA', '151029'),
('15', '10', '30', '1510', 'TOMAS', '151030'),
('15', '10', '31', '1510', 'TUPE', '151031'),
('15', '10', '32', '1510', 'VIÑAC', '151032'),
('15', '10', '33', '1510', 'VITIS', '151033'),
('16', '01', '01', '1601', 'IQUITOS', '160101'),
('16', '01', '02', '1601', 'ALTO NANAY', '160102'),
('16', '01', '03', '1601', 'FERNANDO LORES', '160103'),
('16', '01', '04', '1601', 'INDIANA', '160104'),
('16', '01', '05', '1601', 'LAS AMAZONAS', '160105'),
('16', '01', '06', '1601', 'MAZAN', '160106'),
('16', '01', '07', '1601', 'NAPO', '160107'),
('16', '01', '08', '1601', 'PUNCHANA', '160108'),
('16', '01', '09', '1601', 'PUTUMAYO', '160109'),
('16', '01', '10', '1601', 'TORRES CAUSANA', '160110'),
('16', '01', '12', '1601', 'BELEN', '160112'),
('16', '01', '13', '1601', 'SAN JUAN BAUTISTA', '160113'),
('16', '01', '14', '1601', 'TENIENTE MANUEL CLAVERO', '160114'),
('16', '02', '01', '1602', 'YURIMAGUAS', '160201'),
('16', '02', '02', '1602', 'BALSAPUERTO', '160202'),
('16', '02', '05', '1602', 'JEBEROS', '160205'),
('16', '02', '06', '1602', 'LAGUNAS', '160206'),
('16', '02', '10', '1602', 'SANTA CRUZ', '160210'),
('16', '02', '11', '1602', 'TENIENTE CESAR LOPEZ ROJAS', '160211'),
('16', '03', '01', '1603', 'NAUTA', '160301'),
('16', '03', '02', '1603', 'PARINARI', '160302'),
('16', '03', '03', '1603', 'TIGRE', '160303'),
('16', '03', '04', '1603', 'TROMPETEROS', '160304'),
('16', '03', '05', '1603', 'URARINAS', '160305'),
('16', '04', '01', '1604', 'RAMON CASTILLA', '160401'),
('16', '04', '02', '1604', 'PEBAS', '160402'),
('16', '04', '03', '1604', 'YAVARI', '160403'),
('16', '04', '04', '1604', 'SAN PABLO', '160404'),
('16', '05', '01', '1605', 'REQUENA', '160501'),
('16', '05', '02', '1605', 'ALTO TAPICHE', '160502'),
('16', '05', '03', '1605', 'CAPELO', '160503'),
('16', '05', '04', '1605', 'EMILIO SAN MARTIN', '160504'),
('16', '05', '05', '1605', 'MAQUIA', '160505'),
('16', '05', '06', '1605', 'PUINAHUA', '160506'),
('16', '05', '07', '1605', 'SAQUENA', '160507'),
('16', '05', '08', '1605', 'SOPLIN', '160508'),
('16', '05', '09', '1605', 'TAPICHE', '160509'),
('16', '05', '10', '1605', 'JENARO HERRERA', '160510'),
('16', '05', '11', '1605', 'YAQUERANA', '160511'),
('16', '06', '01', '1606', 'CONTAMANA', '160601'),
('16', '06', '02', '1606', 'INAHUAYA', '160602'),
('16', '06', '03', '1606', 'PADRE MARQUEZ', '160603'),
('16', '06', '04', '1606', 'PAMPA HERMOSA', '160604'),
('16', '06', '05', '1606', 'SARAYACU', '160605'),
('16', '06', '06', '1606', 'VARGAS GUERRA', '160606'),
('16', '07', '01', '1607', 'BARRANCA', '160701'),
('16', '07', '02', '1607', 'CAHUAPANAS', '160702'),
('16', '07', '03', '1607', 'MANSERICHE', '160703'),
('16', '07', '04', '1607', 'MORONA', '160704'),
('16', '07', '05', '1607', 'PASTAZA', '160705'),
('16', '07', '06', '1607', 'ANDOAS', '160706'),
('17', '01', '01', '1701', 'TAMBOPATA', '170101'),
('17', '01', '02', '1701', 'INAMBARI', '170102'),
('17', '01', '03', '1701', 'LAS PIEDRAS', '170103'),
('17', '01', '04', '1701', 'LABERINTO', '170104'),
('17', '02', '01', '1702', 'MANU', '170201'),
('17', '02', '02', '1702', 'FITZCARRALD', '170202'),
('17', '02', '03', '1702', 'MADRE DE DIOS', '170203'),
('17', '02', '04', '1702', 'HUEPETUHE', '170204'),
('17', '03', '01', '1703', 'IÑAPARI', '170301'),
('17', '03', '02', '1703', 'IBERIA', '170302'),
('17', '03', '03', '1703', 'TAHUAMANU', '170303'),
('18', '01', '01', '1801', 'MOQUEGUA', '180101'),
('18', '01', '02', '1801', 'CARUMAS', '180102'),
('18', '01', '03', '1801', 'CUCHUMBAYA', '180103'),
('18', '01', '04', '1801', 'SAMEGUA', '180104'),
('18', '01', '05', '1801', 'SAN CRISTOBAL', '180105'),
('18', '01', '06', '1801', 'TORATA', '180106'),
('18', '02', '01', '1802', 'OMATE', '180201'),
('18', '02', '02', '1802', 'CHOJATA', '180202'),
('18', '02', '03', '1802', 'COALAQUE', '180203'),
('18', '02', '04', '1802', 'ICHUÑA', '180204'),
('18', '02', '05', '1802', 'LA CAPILLA', '180205'),
('18', '02', '06', '1802', 'LLOQUE', '180206'),
('18', '02', '07', '1802', 'MATALAQUE', '180207'),
('18', '02', '08', '1802', 'PUQUINA', '180208'),
('18', '02', '09', '1802', 'QUINISTAQUILLAS', '180209'),
('18', '02', '10', '1802', 'UBINAS', '180210'),
('18', '02', '11', '1802', 'YUNGA', '180211'),
('18', '03', '01', '1803', 'ILO', '180301'),
('18', '03', '02', '1803', 'EL ALGARROBAL', '180302'),
('18', '03', '03', '1803', 'PACOCHA', '180303'),
('19', '01', '01', '1901', 'CHAUPIMARCA', '190101'),
('19', '01', '02', '1901', 'HUACHON', '190102'),
('19', '01', '03', '1901', 'HUARIACA', '190103'),
('19', '01', '04', '1901', 'HUAYLLAY', '190104'),
('19', '01', '05', '1901', 'NINACACA', '190105'),
('19', '01', '06', '1901', 'PALLANCHACRA', '190106'),
('19', '01', '07', '1901', 'PAUCARTAMBO', '190107'),
('19', '01', '08', '1901', 'SAN FCO.DE ASIS DE YARUSYACAN', '190108'),
('19', '01', '09', '1901', 'SIMON BOLIVAR', '190109'),
('19', '01', '10', '1901', 'TICLACAYAN', '190110'),
('19', '01', '11', '1901', 'TINYAHUARCO', '190111'),
('19', '01', '12', '1901', 'VICCO', '190112'),
('19', '01', '13', '1901', 'YANACANCHA', '190113'),
('19', '02', '01', '1902', 'YANAHUANCA', '190201'),
('19', '02', '02', '1902', 'CHACAYAN', '190202'),
('19', '02', '03', '1902', 'GOYLLARISQUIZGA', '190203'),
('19', '02', '04', '1902', 'PAUCAR', '190204'),
('19', '02', '05', '1902', 'SAN PEDRO DE PILLAO', '190205'),
('19', '02', '06', '1902', 'SANTA ANA DE TUSI', '190206'),
('19', '02', '07', '1902', 'TAPUC', '190207'),
('19', '02', '08', '1902', 'VILCABAMBA', '190208'),
('19', '03', '01', '1903', 'OXAPAMPA', '190301'),
('19', '03', '02', '1903', 'CHONTABAMBA', '190302'),
('19', '03', '03', '1903', 'HUANCABAMBA', '190303'),
('19', '03', '04', '1903', 'PALCAZU', '190304'),
('19', '03', '05', '1903', 'POZUZO', '190305'),
('19', '03', '06', '1903', 'PUERTO BERMUDEZ', '190306'),
('19', '03', '07', '1903', 'VILLA RICA', '190307'),
('19', '03', '08', '1903', 'CONSTITUCION', '190308'),
('20', '01', '01', '2001', 'PIURA', '200101'),
('20', '01', '04', '2001', 'CASTILLA', '200104'),
('20', '01', '05', '2001', 'CATACAOS', '200105'),
('20', '01', '07', '2001', 'CURA MORI', '200107'),
('20', '01', '08', '2001', 'EL TALLAN', '200108'),
('20', '01', '09', '2001', 'LA ARENA', '200109'),
('20', '01', '10', '2001', 'LA UNION', '200110'),
('20', '01', '11', '2001', 'LAS LOMAS', '200111'),
('20', '01', '14', '2001', 'TAMBO GRANDE', '200114'),
('20', '01', '15', '2001', 'VEINTISEIS DE OCTUBRE', '200115'),
('20', '02', '01', '2002', 'AYABACA', '200201'),
('20', '02', '02', '2002', 'FRIAS', '200202'),
('20', '02', '03', '2002', 'JILILI', '200203'),
('20', '02', '04', '2002', 'LAGUNAS', '200204'),
('20', '02', '05', '2002', 'MONTERO', '200205'),
('20', '02', '06', '2002', 'PACAIPAMPA', '200206'),
('20', '02', '07', '2002', 'PAIMAS', '200207'),
('20', '02', '08', '2002', 'SAPILLICA', '200208'),
('20', '02', '09', '2002', 'SICCHEZ', '200209'),
('20', '02', '10', '2002', 'SUYO', '200210'),
('20', '03', '01', '2003', 'HUANCABAMBA', '200301'),
('20', '03', '02', '2003', 'CANCHAQUE', '200302'),
('20', '03', '03', '2003', 'EL CARMEN DE LA FRONTERA', '200303'),
('20', '03', '04', '2003', 'HUARMACA', '200304'),
('20', '03', '05', '2003', 'LALAQUIZ', '200305'),
('20', '03', '06', '2003', 'SAN MIGUEL DE EL FAIQUE', '200306'),
('20', '03', '07', '2003', 'SONDOR', '200307'),
('20', '03', '08', '2003', 'SONDORILLO', '200308'),
('20', '04', '01', '2004', 'CHULUCANAS', '200401'),
('20', '04', '02', '2004', 'BUENOS AIRES', '200402'),
('20', '04', '03', '2004', 'CHALACO', '200403'),
('20', '04', '04', '2004', 'LA MATANZA', '200404'),
('20', '04', '05', '2004', 'MORROPON', '200405'),
('20', '04', '06', '2004', 'SALITRAL', '200406'),
('20', '04', '07', '2004', 'SAN JUAN DE BIGOTE', '200407'),
('20', '04', '08', '2004', 'SANTA CATALINA DE MOSSA', '200408'),
('20', '04', '09', '2004', 'SANTO DOMINGO', '200409'),
('20', '04', '10', '2004', 'YAMANGO', '200410'),
('20', '05', '01', '2005', 'PAITA', '200501'),
('20', '05', '02', '2005', 'AMOTAPE', '200502'),
('20', '05', '03', '2005', 'ARENAL', '200503'),
('20', '05', '04', '2005', 'COLAN', '200504'),
('20', '05', '05', '2005', 'LA HUACA', '200505'),
('20', '05', '06', '2005', 'TAMARINDO', '200506'),
('20', '05', '07', '2005', 'VICHAYAL', '200507'),
('20', '06', '01', '2006', 'SULLANA', '200601'),
('20', '06', '02', '2006', 'BELLAVISTA', '200602'),
('20', '06', '03', '2006', 'IGNACIO ESCUDERO', '200603'),
('20', '06', '04', '2006', 'LANCONES', '200604'),
('20', '06', '05', '2006', 'MARCAVELICA', '200605'),
('20', '06', '06', '2006', 'MIGUEL CHECA', '200606'),
('20', '06', '07', '2006', 'QUERECOTILLO', '200607'),
('20', '06', '08', '2006', 'SALITRAL', '200608'),
('20', '07', '01', '2007', 'PARIÑAS', '200701'),
('20', '07', '02', '2007', 'EL ALTO', '200702'),
('20', '07', '03', '2007', 'LA BREA', '200703'),
('20', '07', '04', '2007', 'LOBITOS', '200704'),
('20', '07', '05', '2007', 'LOS ORGANOS', '200705'),
('20', '07', '06', '2007', 'MANCORA', '200706'),
('20', '08', '01', '2008', 'SECHURA', '200801'),
('20', '08', '02', '2008', 'BELLAVISTA DE LA UNION', '200802'),
('20', '08', '03', '2008', 'BERNAL', '200803'),
('20', '08', '04', '2008', 'CRISTO NOS VALGA', '200804'),
('20', '08', '05', '2008', 'VICE', '200805'),
('20', '08', '06', '2008', 'RINCONADA LLICUAR', '200806'),
('21', '01', '01', '2101', 'PUNO', '210101'),
('21', '01', '02', '2101', 'ACORA', '210102'),
('21', '01', '03', '2101', 'AMANTANI', '210103'),
('21', '01', '04', '2101', 'ATUNCOLLA', '210104'),
('21', '01', '05', '2101', 'CAPACHICA', '210105'),
('21', '01', '06', '2101', 'CHUCUITO', '210106'),
('21', '01', '07', '2101', 'COATA', '210107'),
('21', '01', '08', '2101', 'HUATA', '210108'),
('21', '01', '09', '2101', 'MAÑAZO', '210109'),
('21', '01', '10', '2101', 'PAUCARCOLLA', '210110'),
('21', '01', '11', '2101', 'PICHACANI', '210111'),
('21', '01', '12', '2101', 'PLATERIA', '210112'),
('21', '01', '13', '2101', 'SAN ANTONIO', '210113'),
('21', '01', '14', '2101', 'TIQUILLACA', '210114'),
('21', '01', '15', '2101', 'VILQUE', '210115'),
('21', '02', '01', '2102', 'AZANGARO', '210201'),
('21', '02', '02', '2102', 'ACHAYA', '210202'),
('21', '02', '03', '2102', 'ARAPA', '210203'),
('21', '02', '04', '2102', 'ASILLO', '210204'),
('21', '02', '05', '2102', 'CAMINACA', '210205'),
('21', '02', '06', '2102', 'CHUPA', '210206'),
('21', '02', '07', '2102', 'JOSE DOMINGO CHOQUEHUANCA', '210207'),
('21', '02', '08', '2102', 'MUÑANI', '210208'),
('21', '02', '09', '2102', 'POTONI', '210209'),
('21', '02', '10', '2102', 'SAMAN', '210210'),
('21', '02', '11', '2102', 'SAN ANTON', '210211'),
('21', '02', '12', '2102', 'SAN JOSE', '210212'),
('21', '02', '13', '2102', 'SAN JUAN DE SALINAS', '210213'),
('21', '02', '14', '2102', 'SANTIAGO DE PUPUJA', '210214'),
('21', '02', '15', '2102', 'TIRAPATA', '210215'),
('21', '03', '01', '2103', 'MACUSANI', '210301'),
('21', '03', '02', '2103', 'AJOYANI', '210302'),
('21', '03', '03', '2103', 'AYAPATA', '210303'),
('21', '03', '04', '2103', 'COASA', '210304'),
('21', '03', '05', '2103', 'CORANI', '210305'),
('21', '03', '06', '2103', 'CRUCERO', '210306'),
('21', '03', '07', '2103', 'ITUATA', '210307'),
('21', '03', '08', '2103', 'OLLACHEA', '210308'),
('21', '03', '09', '2103', 'SAN GABAN', '210309'),
('21', '03', '10', '2103', 'USICAYOS', '210310'),
('21', '04', '01', '2104', 'JULI', '210401'),
('21', '04', '02', '2104', 'DESAGUADERO', '210402'),
('21', '04', '03', '2104', 'HUACULLANI', '210403'),
('21', '04', '04', '2104', 'KELLUYO', '210404'),
('21', '04', '05', '2104', 'PISACOMA', '210405'),
('21', '04', '06', '2104', 'POMATA', '210406'),
('21', '04', '07', '2104', 'ZEPITA', '210407'),
('21', '05', '01', '2105', 'ILAVE', '210501'),
('21', '05', '02', '2105', 'CAPAZO', '210502'),
('21', '05', '03', '2105', 'PILCUYO', '210503'),
('21', '05', '04', '2105', 'SANTA ROSA', '210504'),
('21', '05', '05', '2105', 'CONDURIRI', '210505'),
('21', '06', '01', '2106', 'HUANCANE', '210601'),
('21', '06', '02', '2106', 'COJATA', '210602'),
('21', '06', '03', '2106', 'HUATASANI', '210603'),
('21', '06', '04', '2106', 'INCHUPALLA', '210604'),
('21', '06', '05', '2106', 'PUSI', '210605'),
('21', '06', '06', '2106', 'ROSASPATA', '210606'),
('21', '06', '07', '2106', 'TARACO', '210607'),
('21', '06', '08', '2106', 'VILQUE CHICO', '210608'),
('21', '07', '01', '2107', 'LAMPA', '210701'),
('21', '07', '02', '2107', 'CABANILLA', '210702'),
('21', '07', '03', '2107', 'CALAPUJA', '210703'),
('21', '07', '04', '2107', 'NICASIO', '210704'),
('21', '07', '05', '2107', 'OCUVIRI', '210705'),
('21', '07', '06', '2107', 'PALCA', '210706'),
('21', '07', '07', '2107', 'PARATIA', '210707'),
('21', '07', '08', '2107', 'PUCARA', '210708'),
('21', '07', '09', '2107', 'SANTA LUCIA', '210709'),
('21', '07', '10', '2107', 'VILAVILA', '210710'),
('21', '08', '01', '2108', 'AYAVIRI', '210801'),
('21', '08', '02', '2108', 'ANTAUTA', '210802'),
('21', '08', '03', '2108', 'CUPI', '210803'),
('21', '08', '04', '2108', 'LLALLI', '210804'),
('21', '08', '05', '2108', 'MACARI', '210805'),
('21', '08', '06', '2108', 'NUÑOA', '210806'),
('21', '08', '07', '2108', 'ORURILLO', '210807'),
('21', '08', '08', '2108', 'SANTA ROSA', '210808'),
('21', '08', '09', '2108', 'UMACHIRI', '210809'),
('21', '09', '01', '2109', 'MOHO', '210901'),
('21', '09', '02', '2109', 'CONIMA', '210902'),
('21', '09', '03', '2109', 'HUAYRAPATA', '210903'),
('21', '09', '04', '2109', 'TILALI', '210904'),
('21', '10', '01', '2110', 'PUTINA', '211001'),
('21', '10', '02', '2110', 'ANANEA', '211002'),
('21', '10', '03', '2110', 'PEDRO VILCA APAZA', '211003'),
('21', '10', '04', '2110', 'QUILCAPUNCU', '211004'),
('21', '10', '05', '2110', 'SINA', '211005'),
('21', '11', '01', '2111', 'JULIACA', '211101'),
('21', '11', '02', '2111', 'CABANA', '211102'),
('21', '11', '03', '2111', 'CABANILLAS', '211103'),
('21', '11', '04', '2111', 'CARACOTO', '211104'),
('21', '11', '05', '2111', 'SAN MIGUEL', '211105'),
('21', '12', '01', '2112', 'SANDIA', '211201'),
('21', '12', '02', '2112', 'CUYOCUYO', '211202'),
('21', '12', '03', '2112', 'LIMBANI', '211203'),
('21', '12', '04', '2112', 'PATAMBUCO', '211204'),
('21', '12', '05', '2112', 'PHARA', '211205'),
('21', '12', '06', '2112', 'QUIACA', '211206'),
('21', '12', '07', '2112', 'SAN JUAN DEL ORO', '211207'),
('21', '12', '08', '2112', 'YANAHUAYA', '211208'),
('21', '12', '09', '2112', 'ALTO INAMBARI', '211209'),
('21', '12', '10', '2112', 'SAN PEDRO DE PUTINA PUNCO', '211210'),
('21', '13', '01', '2113', 'YUNGUYO', '211301'),
('21', '13', '02', '2113', 'ANAPIA', '211302'),
('21', '13', '03', '2113', 'COPANI', '211303'),
('21', '13', '04', '2113', 'CUTURAPI', '211304'),
('21', '13', '05', '2113', 'OLLARAYA', '211305'),
('21', '13', '06', '2113', 'TINICACHI', '211306'),
('21', '13', '07', '2113', 'UNICACHI', '211307'),
('22', '01', '01', '2201', 'MOYOBAMBA', '220101'),
('22', '01', '02', '2201', 'CALZADA', '220102'),
('22', '01', '03', '2201', 'HABANA', '220103'),
('22', '01', '04', '2201', 'JEPELACIO', '220104'),
('22', '01', '05', '2201', 'SORITOR', '220105'),
('22', '01', '06', '2201', 'YANTALO', '220106'),
('22', '02', '01', '2202', 'BELLAVISTA', '220201'),
('22', '02', '02', '2202', 'ALTO BIAVO', '220202'),
('22', '02', '03', '2202', 'BAJO BIAVO', '220203'),
('22', '02', '04', '2202', 'HUALLAGA', '220204'),
('22', '02', '05', '2202', 'SAN PABLO', '220205'),
('22', '02', '06', '2202', 'SAN RAFAEL', '220206'),
('22', '03', '01', '2203', 'SAN JOSE DE SISA', '220301'),
('22', '03', '02', '2203', 'AGUA BLANCA', '220302'),
('22', '03', '03', '2203', 'SAN MARTIN', '220303'),
('22', '03', '04', '2203', 'SANTA ROSA', '220304'),
('22', '03', '05', '2203', 'SHATOJA', '220305'),
('22', '04', '01', '2204', 'SAPOSOA', '220401'),
('22', '04', '02', '2204', 'ALTO SAPOSOA', '220402'),
('22', '04', '03', '2204', 'EL ESLABON', '220403'),
('22', '04', '04', '2204', 'PISCOYACU', '220404'),
('22', '04', '05', '2204', 'SACANCHE', '220405'),
('22', '04', '06', '2204', 'TINGO DE SAPOSOA', '220406'),
('22', '05', '01', '2205', 'LAMAS', '220501'),
('22', '05', '02', '2205', 'ALONSO DE ALVARADO', '220502'),
('22', '05', '03', '2205', 'BARRANQUITA', '220503'),
('22', '05', '04', '2205', 'CAYNARACHI', '220504'),
('22', '05', '05', '2205', 'CUÑUMBUQUI', '220505'),
('22', '05', '06', '2205', 'PINTO RECODO', '220506'),
('22', '05', '07', '2205', 'RUMISAPA', '220507'),
('22', '05', '08', '2205', 'SAN ROQUE DE CUMBAZA', '220508'),
('22', '05', '09', '2205', 'SHANAO', '220509'),
('22', '05', '10', '2205', 'TABALOSOS', '220510'),
('22', '05', '11', '2205', 'ZAPATERO', '220511'),
('22', '06', '01', '2206', 'JUANJUI', '220601'),
('22', '06', '02', '2206', 'CAMPANILLA', '220602'),
('22', '06', '03', '2206', 'HUICUNGO', '220603'),
('22', '06', '04', '2206', 'PACHIZA', '220604'),
('22', '06', '05', '2206', 'PAJARILLO', '220605'),
('22', '07', '01', '2207', 'PICOTA', '220701'),
('22', '07', '02', '2207', 'BUENOS AIRES', '220702'),
('22', '07', '03', '2207', 'CASPISAPA', '220703'),
('22', '07', '04', '2207', 'PILLUANA', '220704'),
('22', '07', '05', '2207', 'PUCACACA', '220705'),
('22', '07', '06', '2207', 'SAN CRISTOBAL', '220706'),
('22', '07', '07', '2207', 'SAN HILARION', '220707'),
('22', '07', '08', '2207', 'SHAMBOYACU', '220708'),
('22', '07', '09', '2207', 'TINGO DE PONASA', '220709'),
('22', '07', '10', '2207', 'TRES UNIDOS', '220710'),
('22', '08', '01', '2208', 'RIOJA', '220801'),
('22', '08', '02', '2208', 'AWAJUN', '220802'),
('22', '08', '03', '2208', 'ELIAS SOPLIN VARGAS', '220803'),
('22', '08', '04', '2208', 'NUEVA CAJAMARCA', '220804'),
('22', '08', '05', '2208', 'PARDO MIGUEL', '220805'),
('22', '08', '06', '2208', 'POSIC', '220806'),
('22', '08', '07', '2208', 'SAN FERNANDO', '220807'),
('22', '08', '08', '2208', 'YORONGOS', '220808'),
('22', '08', '09', '2208', 'YURACYACU', '220809'),
('22', '09', '01', '2209', 'TARAPOTO', '220901'),
('22', '09', '02', '2209', 'ALBERTO LEVEAU', '220902'),
('22', '09', '03', '2209', 'CACATACHI', '220903'),
('22', '09', '04', '2209', 'CHAZUTA', '220904'),
('22', '09', '05', '2209', 'CHIPURANA', '220905'),
('22', '09', '06', '2209', 'EL PORVENIR', '220906'),
('22', '09', '07', '2209', 'HUIMBAYOC', '220907'),
('22', '09', '08', '2209', 'JUAN GUERRA', '220908'),
('22', '09', '09', '2209', 'LA BANDA DE SHILCAYO', '220909'),
('22', '09', '10', '2209', 'MORALES', '220910'),
('22', '09', '11', '2209', 'PAPAPLAYA', '220911'),
('22', '09', '12', '2209', 'SAN ANTONIO', '220912'),
('22', '09', '13', '2209', 'SAUCE', '220913'),
('22', '09', '14', '2209', 'SHAPAJA', '220914'),
('22', '10', '01', '2210', 'TOCACHE', '221001'),
('22', '10', '02', '2210', 'NUEVO PROGRESO', '221002'),
('22', '10', '03', '2210', 'POLVORA', '221003'),
('22', '10', '04', '2210', 'SHUNTE', '221004'),
('22', '10', '05', '2210', 'UCHIZA', '221005'),
('23', '01', '01', '2301', 'TACNA', '230101'),
('23', '01', '02', '2301', 'ALTO DE LA ALIANZA', '230102'),
('23', '01', '03', '2301', 'CALANA', '230103'),
('23', '01', '04', '2301', 'CIUDAD NUEVA', '230104'),
('23', '01', '05', '2301', 'INCLAN', '230105'),
('23', '01', '06', '2301', 'PACHIA', '230106'),
('23', '01', '07', '2301', 'PALCA', '230107'),
('23', '01', '08', '2301', 'POCOLLAY', '230108'),
('23', '01', '09', '2301', 'SAMA', '230109'),
('23', '01', '10', '2301', 'CRL. GREG. ALBARRACIN LANCHIP', '230110'),
('23', '01', '26', '2301', 'CALETA SAMA', '230126'),
('23', '02', '01', '2302', 'CANDARAVE', '230201'),
('23', '02', '02', '2302', 'CAIRANI', '230202'),
('23', '02', '03', '2302', 'CAMILACA', '230203'),
('23', '02', '04', '2302', 'CURIBAYA', '230204'),
('23', '02', '05', '2302', 'HUANUARA', '230205'),
('23', '02', '06', '2302', 'QUILAHUANI', '230206'),
('23', '03', '01', '2303', 'LOCUMBA', '230301'),
('23', '03', '02', '2303', 'ILABAYA', '230302'),
('23', '03', '03', '2303', 'ITE', '230303'),
('23', '04', '01', '2304', 'TARATA', '230401'),
('23', '04', '02', '2304', 'HEROES ALBARRACIN', '230402'),
('23', '04', '03', '2304', 'ESTIQUE', '230403'),
('23', '04', '04', '2304', 'ESTIQUE-PAMPA', '230404'),
('23', '04', '05', '2304', 'SITAJARA', '230405'),
('23', '04', '06', '2304', 'SUSAPAYA', '230406'),
('23', '04', '07', '2304', 'TARUCACHI', '230407'),
('23', '04', '08', '2304', 'TICACO', '230408'),
('24', '01', '01', '2401', 'TUMBES', '240101'),
('24', '01', '02', '2401', 'CORRALES', '240102'),
('24', '01', '03', '2401', 'LA CRUZ', '240103'),
('24', '01', '04', '2401', 'PAMPAS DE HOSPITAL', '240104'),
('24', '01', '05', '2401', 'SAN JACINTO', '240105'),
('24', '01', '06', '2401', 'SAN JUAN DE LA VIRGEN', '240106'),
('24', '02', '01', '2402', 'ZORRITOS', '240201'),
('24', '02', '02', '2402', 'CASITAS', '240202'),
('24', '02', '03', '2402', 'CANOAS DE PUNTA SAL', '240203'),
('24', '03', '01', '2403', 'ZARUMILLA', '240301'),
('24', '03', '02', '2403', 'AGUAS VERDES', '240302'),
('24', '03', '03', '2403', 'MATAPALO', '240303'),
('24', '03', '04', '2403', 'PAPAYAL', '240304'),
('25', '01', '01', '2501', 'CALLERIA', '250101'),
('25', '01', '02', '2501', 'CAMPOVERDE', '250102'),
('25', '01', '03', '2501', 'IPARIA', '250103'),
('25', '01', '04', '2501', 'MASISEA', '250104'),
('25', '01', '05', '2501', 'YARINACOCHA', '250105'),
('25', '01', '06', '2501', 'NUEVA REQUENA', '250106'),
('25', '01', '07', '2501', 'MANANTAY', '250107'),
('25', '02', '01', '2502', 'RAYMONDI', '250201'),
('25', '02', '02', '2502', 'SEPAHUA', '250202'),
('25', '02', '03', '2502', 'TAHUANIA', '250203'),
('25', '02', '04', '2502', 'YURUA', '250204'),
('25', '03', '01', '2503', 'PADRE ABAD', '250301'),
('25', '03', '02', '2503', 'IRAZOLA', '250302'),
('25', '03', '03', '2503', 'CURIMANA', '250303'),
('25', '03', '04', '2503', 'NESHUYA', '250304'),
('25', '03', '05', '2503', 'ALEXANDER VON HUMBOLDT', '250305'),
('25', '04', '01', '2504', 'PURUS', '250401');

-- --------------------------------------------------------

--
-- Table structure for table `materiales`
--

CREATE TABLE `materiales` (
  `ubigeo` varchar(6) DEFAULT NULL,
  `Id_fuente` varchar(9) DEFAULT NULL,
  `Id_tipo` varchar(7) DEFAULT NULL,
  `Id_elemento` varchar(11) DEFAULT NULL,
  `Id_material` varchar(25) DEFAULT NULL,
  `Descrip` varchar(23) DEFAULT NULL,
  `Marca` varchar(19) DEFAULT NULL,
  `Und_largo` varchar(9) DEFAULT NULL,
  `Und` varchar(3) DEFAULT NULL,
  `Precio` varchar(6) DEFAULT NULL,
  `Fecha` varchar(10) DEFAULT NULL
) ENGINE=InnoDB DEFAULT CHARSET=utf8;

--
-- Dumping data for table `materiales`
--

INSERT INTO `materiales` (`ubigeo`, `Id_fuente`, `Id_tipo`, `Id_elemento`, `Id_material`, `Descrip`, `Marca`, `Und_largo`, `Und`, `Precio`, `Fecha`) VALUES
('080101', 'T_VIR', 'MA', '0301', '1', 'Acero 1/2 \"', 'Aceros Arequipa', 'Kilogramo', 'kg', '15.7', '11/06/2016'),
('080101', 'E_PUB', 'MA', '0301', '2', 'Acero 3/4 \"', 'Aceros Arequipa', 'Kilogramo', 'kg', '18.4', '14/01/2018'),
('080101', 'E_PUB', 'MA', '0301', '3', 'Acero 3/4 \"', 'Metalfarm', 'Kilogramo', 'kg', '19.5', '16/08/2021'),
('080101', 'T_FIS', 'MA', '0301', '4', 'Acero 1\"', 'Metalfarm', 'Kilogramo', 'kg', '25', '12/02/2017'),
('080101', 'T_FIS', 'MA', '0301', '5', 'Acero 1/2 \"', 'Metalfarm', 'Kilogramo', 'kg', '14.3', '08/08/2019'),
('080101', 'T_VIR', 'MA', '0301', '6', 'Acero 3/4 \"', 'Petra', 'Kilogramo', 'kg', '17.9', '15/04/2019'),
('080101', 'T_VIR', 'MA', '0301', '7', 'Acero 1\"', 'Aceros Arequipa', 'Varilla', 'var', '12.8', '23/08/2021'),
('080101', 'E_PUB', 'MA', '0301', '8', 'Acero 1/2 \"', 'Petra', 'Varilla', 'var', '5', '13/08/2015'),
('150101', 'E_PUB', 'MA', '0301', '9', 'Acero 3/4 \"', 'Petra', 'Varilla', 'var', '8.74', '25/12/2021'),
('150101', 'T_VIR', 'MA', '0301', '10', 'Acero 1\"', 'Aceros Arequipa', 'Kilogramo', 'kg', '18.4', '28/10/2018'),
('150101', 'T_FIS', 'MA', '0301', '11', 'Acero 3/4 \"', 'Aceros Arequipa', 'Kilogramo', 'kg', '19.5', '13/10/2018'),
('150101', 'T_FIS', 'MA', '0301', '12', 'Acero 1/2 \"', 'Aceros Arequipa', 'Varilla', 'var', '4.5', '14/06/2021'),
('150101', 'T_VIR', 'MA', '0301', '13', 'Acero 1\"', 'Metalfarm', 'Kilogramo', 'kg', '15.7', '18/11/2021'),
('150101', 'E_PUB', 'MA', '0301', '14', 'Acero 3/4 \"', 'Metalfarm', 'Varilla', 'var', '8.2', '14/11/2019'),
('150101', 'E_PUB', 'MA', '2102', '15', 'Cemento Portland Tipo I', 'Ferreteria Torito', 'Kilogramo', 'kg', '0.58', '05/09/2017'),
('150101', 'T_FIS', 'MA', '2102', '16', 'Cemento Portland Tipo I', 'Ferremax', 'Kilogramo', 'kg', '0.74', '25/09/2021'),
('150101', 'T_FIS', 'MA', '2102', '17', 'Cemento Portland Tipo I', 'Total Fierros', 'Kilogramo', 'kg', '0.61', '14/10/2016'),
('150101', 'E_PUB', 'MA', '2102', '18', 'Cemento Portland Tipo I', 'Arufierros', 'Bolsa', 'bol', '22', '29/03/2020'),
('150101', 'T_VIR', 'MA', '2102', '19', 'Cemento Portland Tipo I', 'Intiaceros', 'Bolsa', 'bol', '23.5', '04/11/2020'),
('150101', 'T_VIR', 'MA', '2102', '20', 'Cemento Portland Tipo I', 'BodeFerre', 'Bolsa', 'bol', '23.6', '17/06/2021'),
('150101', 'T_FIS', 'MA', '2102', '21', 'Cemento Portland Tipo I', 'Ferritos', 'Bolsa', 'bol', '22', '28/06/2021'),
('150101', 'T_VIR', 'MA', '2102', '22', 'Cemento Portland Tipo I', 'Ferreteria Doña Luz', 'Bolsa', 'bol', '25', '12/08/2020'),
('150101', 'T_FIS', 'MA', '2102', '23', 'Cemento Portland Tipo I', 'Ferreteria Cesco', 'Bolsa', 'bol', '26', '18/09/2016'),
('150101', 'E_PUB', 'MA', '2102', '24', 'Cemento Portland Tipo I', 'Luz Ferre', 'Kilogramo', 'kg', '0.54', '07/10/2015'),
('150101', 'T_VIR', 'MA', '2102', '25', 'Cemento Portland Tipo I', 'Construcasa', 'Kilogramo', 'kg', '0.59', '04/03/2020'),
('150101', 'EPRI', 'MA', '2102', '26', 'Cemento Portland Tipo I', 'Promart', 'Bolsa', 'bol', '22.4', '09/09/2016'),
('150101', 'EPUB', 'MA', '2102', '27', 'Cemento Portland Tipo I', 'Cassineli', 'Bolsa', 'bol', '23', '30/03/2021');

-- --------------------------------------------------------

--
-- Table structure for table `provincias`
--

CREATE TABLE `provincias` (
  `codigo_dpto` varchar(2) DEFAULT NULL,
  `codigo_prov` varchar(2) DEFAULT NULL,
  `dpto_prov` varchar(4) DEFAULT NULL,
  `nombre_prov` varchar(23) DEFAULT NULL
) ENGINE=InnoDB DEFAULT CHARSET=utf8;

--
-- Dumping data for table `provincias`
--

INSERT INTO `provincias` (`codigo_dpto`, `codigo_prov`, `dpto_prov`, `nombre_prov`) VALUES
('01', '01', '0101', 'CHACHAPOYAS'),
('01', '02', '0102', 'BAGUA'),
('01', '03', '0103', 'BONGARA'),
('01', '04', '0104', 'CONDORCANQUI'),
('01', '05', '0105', 'LUYA'),
('01', '06', '0106', 'RODRIGUEZ DE MENDOZA'),
('01', '07', '0107', 'UTCUBAMBA'),
('02', '01', '0201', 'HUARAZ'),
('02', '02', '0202', 'AIJA'),
('02', '03', '0203', 'ANTONIO RAYMONDI'),
('02', '04', '0204', 'ASUNCION'),
('02', '05', '0205', 'BOLOGNESI'),
('02', '06', '0206', 'CARHUAZ'),
('02', '07', '0207', 'CARLOS F. FITZCARRALD'),
('02', '08', '0208', 'CASMA'),
('02', '09', '0209', 'CORONGO'),
('02', '10', '0210', 'HUARI'),
('02', '11', '0211', 'HUARMEY'),
('02', '12', '0212', 'HUAYLAS'),
('02', '13', '0213', 'MARISCAL LUZURIAGA'),
('02', '14', '0214', 'OCROS'),
('02', '15', '0215', 'PALLASCA'),
('02', '16', '0216', 'POMABAMBA'),
('02', '17', '0217', 'RECUAY'),
('02', '18', '0218', 'SANTA'),
('02', '19', '0219', 'SIHUAS'),
('02', '20', '0220', 'YUNGAY'),
('03', '01', '0301', 'ABANCAY'),
('03', '02', '0302', 'ANDAHUAYLAS'),
('03', '03', '0303', 'ANTABAMBA'),
('03', '04', '0304', 'AYMARAES'),
('03', '05', '0305', 'COTABAMBAS'),
('03', '06', '0306', 'CHINCHEROS'),
('03', '07', '0307', 'GRAU'),
('04', '01', '0401', 'AREQUIPA'),
('04', '02', '0402', 'CAMANA'),
('04', '03', '0403', 'CARAVELI'),
('04', '04', '0404', 'CASTILLA'),
('04', '05', '0405', 'CAYLLOMA'),
('04', '06', '0406', 'CONDESUYOS'),
('04', '07', '0407', 'ISLAY'),
('04', '08', '0408', 'LA UNION'),
('05', '01', '0501', 'HUAMANGA'),
('05', '02', '0502', 'CANGALLO'),
('05', '03', '0503', 'HUANCA SANCOS'),
('05', '04', '0504', 'HUANTA'),
('05', '05', '0505', 'LA MAR'),
('05', '06', '0506', 'LUCANAS'),
('05', '07', '0507', 'PARINACOCHAS'),
('05', '08', '0508', 'PAUCAR DEL SARA SARA'),
('05', '09', '0509', 'SUCRE'),
('05', '10', '0510', 'VICTOR FAJARDO'),
('05', '11', '0511', 'VILCAS HUAMAN'),
('06', '01', '0601', 'CAJAMARCA'),
('06', '02', '0602', 'CAJABAMBA'),
('06', '03', '0603', 'CELENDIN'),
('06', '04', '0604', 'CHOTA'),
('06', '05', '0605', 'CONTUMAZA'),
('06', '06', '0606', 'CUTERVO'),
('06', '07', '0607', 'HUALGAYOC'),
('06', '08', '0608', 'JAEN'),
('06', '09', '0609', 'SAN IGNACIO'),
('06', '10', '0610', 'SAN MARCOS'),
('06', '11', '0611', 'SAN MIGUEL'),
('06', '12', '0612', 'SAN PABLO'),
('06', '13', '0613', 'SANTA CRUZ'),
('07', '01', '0701', 'PROV. CONST. DEL CALLAO'),
('08', '01', '0801', 'CUSCO'),
('08', '02', '0802', 'ACOMAYO'),
('08', '03', '0803', 'ANTA'),
('08', '04', '0804', 'CALCA'),
('08', '05', '0805', 'CANAS'),
('08', '06', '0806', 'CANCHIS'),
('08', '07', '0807', 'CHUMBIVILCAS'),
('08', '08', '0808', 'ESPINAR'),
('08', '09', '0809', 'LA CONVENCION'),
('08', '10', '0810', 'PARURO'),
('08', '11', '0811', 'PAUCARTAMBO'),
('08', '12', '0812', 'QUISPICANCHI'),
('08', '13', '0813', 'URUBAMBA'),
('09', '01', '0901', 'HUANCAVELICA'),
('09', '02', '0902', 'ACOBAMBA'),
('09', '03', '0903', 'ANGARAES'),
('09', '04', '0904', 'CASTROVIRREYNA'),
('09', '05', '0905', 'CHURCAMPA'),
('09', '06', '0906', 'HUAYTARA'),
('09', '07', '0907', 'TAYACAJA'),
('10', '01', '1001', 'HUANUCO'),
('10', '02', '1002', 'AMBO'),
('10', '03', '1003', 'DOS DE MAYO'),
('10', '04', '1004', 'HUACAYBAMBA'),
('10', '05', '1005', 'HUAMALIES'),
('10', '06', '1006', 'LEONCIO PRADO'),
('10', '07', '1007', 'MARAÑON'),
('10', '08', '1008', 'PACHITEA'),
('10', '09', '1009', 'PUERTO INCA'),
('10', '10', '1010', 'LAURICOCHA'),
('10', '11', '1011', 'YAROWILCA'),
('11', '01', '1101', 'ICA'),
('11', '02', '1102', 'CHINCHA'),
('11', '03', '1103', 'NASCA'),
('11', '04', '1104', 'PALPA'),
('11', '05', '1105', 'PISCO'),
('12', '01', '1201', 'HUANCAYO'),
('12', '02', '1202', 'CONCEPCION'),
('12', '03', '1203', 'CHANCHAMAYO'),
('12', '04', '1204', 'JAUJA'),
('12', '05', '1205', 'JUNIN'),
('12', '06', '1206', 'SATIPO'),
('12', '07', '1207', 'TARMA'),
('12', '08', '1208', 'YAULI'),
('12', '09', '1209', 'CHUPACA'),
('13', '01', '1301', 'TRUJILLO'),
('13', '02', '1302', 'ASCOPE'),
('13', '03', '1303', 'BOLIVAR'),
('13', '04', '1304', 'CHEPEN'),
('13', '05', '1305', 'JULCAN'),
('13', '06', '1306', 'OTUZCO'),
('13', '07', '1307', 'PACASMAYO'),
('13', '08', '1308', 'PATAZ'),
('13', '09', '1309', 'SANCHEZ CARRION'),
('13', '10', '1310', 'SANTIAGO DE CHUCO'),
('13', '11', '1311', 'GRAN CHIMU'),
('13', '12', '1312', 'VIRU'),
('14', '01', '1401', 'CHICLAYO'),
('14', '02', '1402', 'FERREÑAFE'),
('14', '03', '1403', 'LAMBAYEQUE'),
('15', '01', '1501', 'LIMA'),
('15', '02', '1502', 'BARRANCA'),
('15', '03', '1503', 'CAJATAMBO'),
('15', '04', '1504', 'CANTA'),
('15', '05', '1505', 'CAÑETE'),
('15', '06', '1506', 'HUARAL'),
('15', '07', '1507', 'HUAROCHIRI'),
('15', '08', '1508', 'HUAURA'),
('15', '09', '1509', 'OYON'),
('15', '10', '1510', 'YAUYOS'),
('16', '01', '1601', 'MAYNAS'),
('16', '02', '1602', 'ALTO AMAZONAS'),
('16', '03', '1603', 'LORETO'),
('16', '04', '1604', 'MARISCAL RAMON CASTILLA'),
('16', '05', '1605', 'REQUENA'),
('16', '06', '1606', 'UCAYALI'),
('16', '07', '1607', 'DATEM DEL MARAÑON'),
('17', '01', '1701', 'TAMBOPATA'),
('17', '02', '1702', 'MANU'),
('17', '03', '1703', 'TAHUAMANU'),
('18', '01', '1801', 'MARISCAL NIETO'),
('18', '02', '1802', 'GENERAL SANCHEZ CERRO'),
('18', '03', '1803', 'ILO'),
('19', '01', '1901', 'PASCO'),
('19', '02', '1902', 'DANIEL ALCIDES CARRION'),
('19', '03', '1903', 'OXAPAMPA'),
('20', '01', '2001', 'PIURA'),
('20', '02', '2002', 'AYABACA'),
('20', '03', '2003', 'HUANCABAMBA'),
('20', '04', '2004', 'MORROPON'),
('20', '05', '2005', 'PAITA'),
('20', '06', '2006', 'SULLANA'),
('20', '07', '2007', 'TALARA'),
('20', '08', '2008', 'SECHURA'),
('21', '01', '2101', 'PUNO'),
('21', '02', '2102', 'AZANGARO'),
('21', '03', '2103', 'CARABAYA'),
('21', '04', '2104', 'CHUCUITO'),
('21', '05', '2105', 'EL COLLAO'),
('21', '06', '2106', 'HUANCANE'),
('21', '07', '2107', 'LAMPA'),
('21', '08', '2108', 'MELGAR'),
('21', '09', '2109', 'MOHO'),
('21', '10', '2110', 'SAN ANTONIO DE PUTINA'),
('21', '11', '2111', 'SAN ROMAN'),
('21', '12', '2112', 'SANDIA'),
('21', '13', '2113', 'YUNGUYO'),
('22', '01', '2201', 'MOYOBAMBA'),
('22', '02', '2202', 'BELLAVISTA'),
('22', '03', '2203', 'EL DORADO'),
('22', '04', '2204', 'HUALLAGA'),
('22', '05', '2205', 'LAMAS'),
('22', '06', '2206', 'MARISCAL CACERES'),
('22', '07', '2207', 'PICOTA'),
('22', '08', '2208', 'RIOJA'),
('22', '09', '2209', 'SAN MARTIN'),
('22', '10', '2210', 'TOCACHE'),
('23', '01', '2301', 'TACNA'),
('23', '02', '2302', 'CANDARAVE'),
('23', '03', '2303', 'JORGE BASADRE'),
('23', '04', '2304', 'TARATA'),
('24', '01', '2401', 'TUMBES'),
('24', '02', '2402', 'CONTRALMIRANTE VILLAR'),
('24', '03', '2403', 'ZARUMILLA'),
('25', '01', '2501', 'CORONEL PORTILLO'),
('25', '02', '2502', 'ATALAYA'),
('25', '03', '2503', 'PADRE ABAD'),
('25', '04', '2504', 'PURUS');

--
-- Indexes for dumped tables
--

--
-- Indexes for table `distritos`
--
ALTER TABLE `distritos`
  ADD PRIMARY KEY (`ubigeo`);

--
-- Indexes for table `materiales`
--
ALTER TABLE `materiales`
  ADD UNIQUE KEY `Id_material` (`Id_material`);

--
-- Indexes for table `provincias`
--
ALTER TABLE `provincias`
  ADD UNIQUE KEY `dpto_prov` (`dpto_prov`);
COMMIT;

/*!40101 SET CHARACTER_SET_CLIENT=@OLD_CHARACTER_SET_CLIENT */;
/*!40101 SET CHARACTER_SET_RESULTS=@OLD_CHARACTER_SET_RESULTS */;
/*!40101 SET COLLATION_CONNECTION=@OLD_COLLATION_CONNECTION */;
